"playerId","fminsideId","known_name","long_name","year_birth","month_birth","day_birth","age","height_cm","weight_kg","jerseyNumber","country_code","sofifaId","position","Acceleration/speed","Dribbling","Aggression","Ball Control","Crossing","Decision Making","Finishing","Heading","Interceptions","Long Passing","Short Passing","Long Shots","Positioning and Marking","Tackling","Strength","Stamina","GK Diving/One to One","GK Handling","GK Kicking","GK Positioning","GK Reflexes","Height","bucket"
221820,14167329,"Lisandro Martínez","Lisandro  Martínez",1998,1,18,25,175,77,6,"ARG",239301,"DL",66.25,60,80,65,37.5,67.8571428571429,0,67.5,70,75,67.5,35,65,65,65,75,0,0,0,70,0,178,"Full_backs"
232937,28115834,"Brandon Williams","Brandon  Williams",2000,9,3,22,171,63,33,"ENG",243414,"DR",75,60,75,65,40,50,0,45,60,65,60,30,60,70,50,70,0,0,0,50,0,182,"Full_backs"
67089,63002306,"Martin Dúbravka","Martin  Dúbravka",1989,1,15,34,190,83,31,"SVK",220407,"GK",60,0,45,0,0,62.1428571428571,0,75,75,60,65,0,50,0,60,50,80,70,70,75,85,190,"Goalkeeper"
51940,67030171,"David de Gea","David  de Gea",1990,11,7,32,192,76,1,"ESP",193080,"GK",75,0,25,0,0,50.7142857142857,0,75,70,40,32.5,0,56.6666666666667,0,65,60,70,80,70,75,95,192,"Goalkeeper"
176297,28100266,"Marcus Rashford","Marcus  Rashford",1997,10,31,25,180,70,10,"ENG",231677,"AML",85,75,70,70,47.5,62.8571428571429,0,35,60,70,80,60,53.3333333333333,15,65,70,0,0,0,20,0,185,"Attacking_midfielders"
195851,29125343,"Scott McTominay","Scott  McTominay",1996,12,8,26,193,88,39,"c(""SCO"", ""ENG"")",237238,"DC",72.5,60,85,65,42.5,53.5714285714286,0,77.5,55,65,47.5,65,66.6666666666667,75,75,95,0,0,0,55,0,193,"Central_defenders"
21205,5112064,"Tom Heaton","Tom David Heaton",1986,4,15,37,188,85,22,"ENG",163264,"GK",51.25,0,35,0,0,59.2857142857143,0,70,65,60,32.5,0,56.6666666666667,0,65,50,65,65,50,70,80,188,"Goalkeeper"
214590,28100123,"Aaron Wan-Bissaka","Aaron  Wan-Bissaka",1997,11,26,25,183,72,29,"ENG",229880,"DR",81.25,60,75,60,40,48.5714285714286,0,45,60,50,55,15,56.6666666666667,100,65,80,0,0,0,45,0,183,"Full_backs"
222690,37058363,"Tyrell Malacia","Tyrell  Malacia",1999,8,17,23,170,67,12,"NED",238041,"DL",77.5,60,75,65,50,60.7142857142857,0,42.5,65,60,55,40,68.3333333333333,65,35,75,0,0,0,65,0,169,"Full_backs"
180184,37048153,"Donny van de Beek","Donny  van de Beek",1997,4,18,26,184,76,34,"NED",221363,"MC",65,65,50,75,65,67.1428571428571,0,60,65,75,70,65,66.6666666666667,55,50,75,0,0,0,45,0,184,"Central_midfielders"
232781,28115829,"Di'Shon Bernard","Di'Shon  Bernard",2000,10,14,22,189,80,58,"ENG",253034,"DR",70,50,65,55,30,45,0,62.5,50,60,40,30,50,65,65,65,0,0,0,60,0,189,"Full_backs"
106760,29076105,"Luke Shaw","Luke Paul Hoare Shaw",1995,7,12,28,185,75,23,"ENG",205988,"DL",70,70,50,75,72.5,61.4285714285714,0,62.5,65,70,60,30,71.6666666666667,65,70,75,0,0,0,70,0,181,"Full_backs"
216051,83105845,"Diogo Dalot","Diogo Dalot",1999,3,18,24,183,76,20,"POR",234574,"DR",72.5,65,65,70,55,55,0,50,65,65,60,35,66.6666666666667,65,55,70,0,0,0,65,0,184,"Full_backs"
184667,93023425,"Victor Lindelöf","Victor Jörgen Nilsson Lindelöf",1994,7,17,29,187,80,2,"SWE",221660,"DC",67.5,60,50,70,32.5,60,0,67.5,70,70,52.5,25,61.6666666666667,75,65,80,0,0,0,75,0,187,"Central_defenders"
209243,28108490,"Jadon Sancho","Jadon  Sancho",2000,3,25,23,180,76,25,"ENG",233049,"MR",76.25,90,50,80,65,65.7142857142857,0,35,75,80,80,50,56.6666666666667,35,40,65,0,0,0,30,0,180,"Side_midfielders"
90152,85075627,"Raphaël Varane","Raphaël  Varane",1993,4,25,30,191,81,19,"FRA",201535,"DC",76.25,50,55,65,25,62.1428571428571,0,82.5,80,70,62.5,30,61.6666666666667,80,75,75,0,0,0,85,0,191,"Central_defenders"
250370,29176912,"Nathan Bishop","Nathan  Bishop",1999,10,15,23,185,72,30,"ENG",237188,"GK",62.5,0,25,0,0,41.4285714285714,0,60,60,30,17.5,0,56.6666666666667,0,50,50,60,55,45,55,65,185,"Goalkeeper"
76359,28027433,"Phil Jones","Phil  Jones",1992,2,21,31,180,71,4,"ENG",194957,"DC",45,40,75,65,35,45.7142857142857,0,72.5,65,65,42.5,5,58.3333333333333,85,75,70,0,0,0,75,0,185,"Central_defenders"
488404,78095389,"Facundo Pellistri","Facundo  Pellistri",2001,12,20,21,175,69,28,"URU",253283,"AMR",70,70,70,70,47.5,48.5714285714286,0,27.5,50,55,62.5,35,56.6666666666667,35,30,65,0,0,0,35,0,174,"Attacking_midfielders"
472464,2000017587,"Shola Shoretire","Shola  Shoretire",2004,2,2,19,170,NA,47,"c(""ENG"", ""NGA"")",260910,"AMR",70,65,50,75,45,56.4285714285714,0,17.5,60,70,80,40,43.3333333333333,15,30,45,0,0,0,10,0,175,"Attacking_midfielders"
449434,28121568,"Anthony Elanga","Anthony  Elanga",2002,4,27,21,178,NA,36,"SWE",257470,"MR",81.25,70,60,60,32.5,45,0,50,50,50,65,60,51.6666666666667,30,50,70,0,0,0,25,0,180,"Side_midfielders"
95658,28049740,"Harry Maguire","Harry  Maguire",1993,3,5,30,194,90,5,"ENG",203263,"DC",58.75,50,70,65,25,65,0,85,75,65,62.5,35,61.6666666666667,80,85,85,0,0,0,80,0,194,"Central_defenders"
491454,28127220,"Bjorn Hardley","Bjorn  Hardley",2002,12,19,20,NA,NA,64,"NED",255768,"DL",67.5,25,55,60,17.5,40,0,60,60,55,37.5,5,48.3333333333333,50,40,60,0,0,0,65,0,189,"Full_backs"
141746,43124203,"Bruno Fernandes","Bruno Fernandes",1994,9,8,28,179,69,8,"POR",212198,"MC",75,55,90,85,80,76.4285714285714,0,47.5,80,85,85,80,63.3333333333333,40,50,95,0,0,0,30,0,179,"Central_midfielders"
461529,28127216,"Charlie Savage","Charlie  Savage",2003,5,2,20,NA,NA,72,"WAL",265789,"DM",65,25,60,65,55,47.1428571428571,0,40,60,70,47.5,40,51.6666666666667,60,45,70,0,0,0,60,0,182,"Definsive_midfielders"
461548,28127217,"Zidane Iqbal","Zidane Iqbal",2003,4,27,20,NA,NA,55,"c(""IRQ"", ""ENG"")",265788,"DM",65,65,45,70,40,53.5714285714286,0,30,60,70,65,55,56.6666666666667,35,40,70,0,0,0,40,0,180,"Definsive_midfielders"
450070,37065567,"Crysencio Summerville","Crysencio  Summerville",2001,10,30,21,174,NA,10,"NED",251954,NA,0,0,0,0,0,0,0,0,0,0,0,0,0,0,0,0,0,0,0,0,0,0,NA
467113,29174739,"Alfie McCalmont","Alfie  McCalmont",2000,3,25,23,NA,NA,38,"NIR",247336,"DM",61.25,50,30,55,47.5,51.4285714285714,0,30,55,55,52.5,55,61.6666666666667,45,35,65,0,0,0,60,0,176,"Definsive_midfielders"
106617,28059632,"Patrick Bamford","Patrick James Bamford",1993,9,5,29,185,71,9,"ENG",206534,"AMC",63.75,60,55,70,30,63.5714285714286,0,60,75,60,60,60,75,50,55,90,0,0,0,65,0,185,"Attacking_midfielders"
222694,37059452,"Pascal Struijk","Pascal  Struijk",1999,8,11,23,190,79,21,"NED",239360,"DC",65,45,65,60,25,57.1428571428571,0,77.5,70,65,52.5,25,61.6666666666667,70,70,70,0,0,0,70,0,190,"Central_defenders"
72222,54005896,"Mateusz Klich","Mateusz  Klich",1990,6,13,33,183,84,43,"POL",192955,"MC",63.75,45,75,65,50,63.5714285714286,0,45,65,70,65,65,66.6666666666667,55,55,95,0,0,0,55,0,183,"Central_midfielders"
193645,91147345,"Robin Koch","Robin  Koch",1996,7,17,27,192,85,5,"GER",236532,"DC",65,40,35,60,17.5,53.5714285714286,0,77.5,65,65,45,40,63.3333333333333,70,70,65,0,0,0,70,0,190,"Central_defenders"
437495,49040115,"Illan Meslier","Illan  Meslier",2000,3,2,23,197,74,1,"FRA",242656,"GK",61.25,0,60,0,0,55,0,85,80,55,37.5,0,48.3333333333333,0,40,65,80,65,60,65,80,196,"Goalkeeper"
234370,67211094,"Marc Roca","Marc  Roca",1996,11,26,26,184,77,8,"ESP",235945,"DM",57.5,55,65,75,57.5,69.2857142857143,0,55,75,80,67.5,45,66.6666666666667,65,65,75,0,0,0,65,0,184,"Definsive_midfielders"
224995,76047347,"Luis Sinisterra","Luis  Sinisterra",1999,6,17,24,172,60,23,"COL",233500,"MR",81.25,80,50,70,60,56.4285714285714,0,52.5,65,55,70,65,50,20,45,60,0,0,0,25,0,172,"Side_midfielders"
55914,28020241,"Liam Cooper","Liam David Ian Cooper",1991,8,30,31,180,73,6,"SCO",189456,"DC",60,35,70,50,20,62.1428571428571,0,77.5,70,60,45,25,63.3333333333333,75,70,75,0,0,0,75,0,188,"Central_defenders"
149915,67011217,"Diego Llorente","Diego  Llorente",1993,8,16,29,186,75,14,"ESP",212602,"DC",62.5,50,65,65,22.5,60,0,65,75,70,55,30,61.6666666666667,75,65,70,0,0,0,65,0,186,"Central_defenders"
87873,52014865,"Stuart Dallas","Stuart  Dallas",1991,4,19,32,183,81,15,"NIR",203570,"DR",67.5,60,50,60,62.5,57.8571428571429,0,47.5,60,60,60,70,70,60,35,85,0,0,0,60,0,183,"Full_backs"
221399,72045910,"Jack Harrison","Jack  Harrison",1996,11,20,26,175,70,11,"ENG",232080,"MR",72.5,65,55,85,62.5,52.8571428571429,0,30,55,55,62.5,55,61.6666666666667,30,40,85,0,0,0,50,0,175,"Side_midfielders"
78315,67037306,"Joel Robles","Joel  Robles",1990,6,17,33,195,78,22,"ESP",195668,"GK",51.25,0,25,0,0,43.5714285714286,0,70,45,50,30,0,51.6666666666667,0,70,50,75,75,75,55,75,197,"Goalkeeper"
66588,28011526,"Luke Ayling","Luke  Ayling",1991,8,25,31,185,72,2,"ENG",186156,"DR",61.25,50,70,55,45,58.5714285714286,0,62.5,60,55,45,50,68.3333333333333,70,65,95,0,0,0,65,0,185,"Full_backs"
462635,222724,"Joe Gelhardt","Joe  Gelhardt",2002,5,4,21,175,65,30,"ENG",246053,NA,0,0,0,0,0,0,0,0,0,0,0,0,0,0,0,0,0,0,0,0,0,0,NA
248937,28122040,"Sam Greenwood","Sam  Greenwood",2002,1,26,21,185,NA,42,"ENG",253407,NA,0,0,0,0,0,0,0,0,0,0,0,0,0,0,0,0,0,0,0,0,0,0,NA
80179,28027622,"Adam Forshaw","Adam  Forshaw",1991,10,8,31,174,71,4,"ENG",193910,"DM",58.75,60,75,75,52.5,67.1428571428571,0,35,80,70,52.5,45,70,55,50,60,0,0,0,70,0,177,"Definsive_midfielders"
223081,53131627,"Kristoffer Klaesson","Kristoffer  Klaesson",2000,11,27,22,189,76,13,"NOR",237935,"GK",55,0,55,0,0,45,0,75,45,50,47.5,0,48.3333333333333,0,60,45,55,60,65,60,75,189,"Goalkeeper"
477547,29237773,"Leo Hjelde","Leo  Hjelde",2003,8,26,19,188,NA,33,"NOR",253969,NA,0,0,0,0,0,0,0,0,0,0,0,0,0,0,0,0,0,0,0,0,0,0,NA
444145,19351309,"Gabriel Martinelli","Gabriel Martinelli",2001,6,18,22,178,75,11,"BRA",251566,"AMR",77.5,70,60,70,60,60,0,60,65,60,67.5,40,61.6666666666667,25,50,65,0,0,0,30,0,180,"Attacking_midfielders"
225321,29137172,"Aaron Ramsdale","Aaron  Ramsdale",1998,5,14,25,188,88,1,"ENG",233934,"GK",52.5,0,60,0,0,65.7142857142857,0,70,65,65,57.5,0,61.6666666666667,0,70,60,80,75,80,65,80,191,"Goalkeeper"
462424,49039004,"William Saliba","William  Saliba",2001,3,24,22,192,92,12,"FRA",243715,"DC",68.75,50,75,60,40,59.2857142857143,0,80,65,65,60,55,61.6666666666667,75,80,70,0,0,0,65,0,192,"Central_defenders"
205651,19220266,"Gabriel Jesus","Gabriel Jesus",1997,4,3,26,175,73,9,"BRA",230666,"AMR",76.25,80,60,75,47.5,69.2857142857143,0,62.5,75,70,75,60,63.3333333333333,40,65,70,0,0,0,35,0,175,"Attacking_midfielders"
223723,45095490,"Takehiro Tomiyasu","Takehiro  Tomiyasu",1998,11,5,24,187,70,18,"JPN",232938,"DR",70,65,65,60,45,62.8571428571429,0,65,75,60,62.5,45,70,75,65,80,0,0,0,70,0,188,"Full_backs"
192895,61070563,"Kieran Tierney","Kieran  Tierney",1997,6,5,26,178,70,3,"SCO",226491,"DL",71.25,70,75,65,62.5,63.5714285714286,0,60,65,60,60,55,75,75,55,75,0,0,0,65,0,178,"Full_backs"
156074,29108071,"Rob Holding","Rob  Holding",1995,9,20,27,189,81,16,"ENG",228295,NA,0,0,0,0,0,0,0,0,0,0,0,0,0,0,0,0,0,0,0,0,0,0,NA
153256,12065054,"Mohamed Elneny","Mohamed Elneny",1992,7,11,31,179,72,25,"EGY",211454,"DM",67.5,55,60,70,37.5,62.1428571428571,0,62.5,70,65,52.5,70,70,75,75,80,0,0,0,65,0,180,"Definsive_midfielders"
167199,67175052,"Thomas Partey","Thomas Teye Partey",1993,6,13,30,185,77,5,"GHA",209989,"DM",63.75,60,65,70,45,67.8571428571429,0,67.5,75,75,65,65,71.6666666666667,70,75,80,0,0,0,70,0,185,"Definsive_midfielders"
184029,53095137,"Martin Ødegaard","Martin  Ødegaard",1998,12,17,24,178,68,8,"NOR",222665,"MC",70,80,35,85,70,77.1428571428571,0,45,90,80,80,65,70,40,55,75,0,0,0,45,0,178,"Central_midfielders"
223340,28122642,"Bukayo Saka","Bukayo  Saka",2001,9,5,21,178,72,7,"ENG",246669,NA,0,0,0,0,0,0,0,0,0,0,0,0,0,0,0,0,0,0,0,0,0,0,NA
200641,28107919,"Reiss Nelson","Reiss  Nelson",1999,12,10,23,175,71,24,"ENG",231448,"MR",77.5,75,60,55,60,52.8571428571429,0,32.5,55,65,72.5,60,48.3333333333333,25,40,65,0,0,0,25,0,175,"Side_midfielders"
206325,71081391,"Oleksandr Zinchenko","Oleksandr  Zinchenko",1996,12,15,26,175,64,35,"UKR",227813,"DL",66.25,65,65,65,60,67.8571428571429,0,55,75,65,65,60,70,60,50,75,0,0,0,55,0,175,"Full_backs"
209289,28109599,"Emile Smith Rowe","Emile  Smith Rowe",2000,7,28,22,182,79,10,"ENG",240273,"AMR",72.5,75,65,70,57.5,65,0,32.5,70,75,75,65,63.3333333333333,40,40,70,0,0,0,40,0,182,"Attacking_midfielders"
198869,29141472,"Ben White","Ben  White",1997,10,8,25,186,76,4,"ENG",231936,"DR",68.75,55,65,70,30,67.8571428571429,0,70,75,70,67.5,30,70,75,65,75,0,0,0,75,0,185,"Full_backs"
205533,28106687,"Eddie Nketiah","Eddie Keddar Nketiah",1999,5,30,24,175,72,14,"ENG",236988,NA,0,0,0,0,0,0,0,0,0,0,0,0,0,0,0,0,0,0,0,0,0,0,NA
224068,72046884,"Matt Turner","Matt  Turner",1994,6,24,29,191,84,30,"USA",233267,"GK",52.5,0,30,0,0,52.8571428571429,0,60,60,45,37.5,0,48.3333333333333,0,70,60,70,75,60,75,75,191,"Goalkeeper"
84450,98003821,"Granit Xhaka","Granit  Xhaka",1992,9,27,30,186,80,34,"SUI",199503,"DM",56.25,60,85,80,60,62.8571428571429,0,62.5,65,90,77.5,85,63.3333333333333,55,80,75,0,0,0,50,0,185,"Definsive_midfielders"
232241,28116314,"Matt Smith","Matt  Smith",2000,10,5,22,176,NA,72,"ENG",247731,NA,0,0,0,0,0,0,0,0,0,0,0,0,0,0,0,0,0,0,0,0,0,0,NA
438098,83174759,"Fábio Vieira","Fábio Vieira",2000,5,30,23,170,58,21,"POR",256958,"MC",67.5,75,65,80,70,68.5714285714286,0,35,65,80,77.5,65,56.6666666666667,40,45,65,0,0,0,45,0,173,"Central_midfielders"
437742,18097160,"Albert Sambi Lokonga","Albert  Sambi Lokonga",1999,10,22,23,173,67,23,"BEL",241928,NA,0,0,0,0,0,0,0,0,0,0,0,0,0,0,0,0,0,0,0,0,0,0,NA
179018,79024232,"Miguel Almirón","Miguel  Almirón",1994,2,10,29,174,70,24,"PAR",230977,"MR",72.5,65,35,60,52.5,54.2857142857143,0,30,60,60,62.5,45,68.3333333333333,50,50,75,0,0,0,55,0,174,"Side_midfielders"
101148,28059634,"Jamaal Lascelles","Jamaal  Lascelles",1993,11,11,29,188,89,6,"ENG",203487,"DC",62.5,40,75,50,17.5,51.4285714285714,0,75,65,50,35,15,58.3333333333333,75,80,70,0,0,0,60,0,188,"Central_defenders"
50232,28011776,"Jonjo Shelvey","Jonjo  Shelvey",1992,2,27,31,184,80,8,"ENG",189165,"DM",55,60,75,65,62.5,71.4285714285714,0,47.5,65,80,72.5,70,60,60,70,75,0,0,0,60,0,184,"Definsive_midfielders"
109528,67141802,"Javier Manquillo","Javier  Manquillo",1994,5,5,29,178,76,19,"ESP",210972,"DR",67.5,55,65,60,42.5,57.8571428571429,0,55,65,55,55,40,70,70,60,75,0,0,0,70,0,178,"Full_backs"
194799,28105687,"Jamal Lewis","Jamal  Lewis",1998,1,25,25,178,70,12,"c(""NIR"", ""ENG"")",231292,"DL",75,60,50,60,37.5,45.7142857142857,0,52.5,60,60,42.5,40,58.3333333333333,60,50,80,0,0,0,55,0,178,"Full_backs"
56983,151741,"Matt Ritchie","Matt Thomas Ritchie",1989,9,10,33,172,76,11,"c(""SCO"", ""ENG"")",186395,"WBL",61.25,55,75,60,67.5,60,0,35,55,65,57.5,60,63.3333333333333,60,55,65,0,0,0,60,0,172,"Full_backs"
119471,98007212,"Fabian Schär","Fabian  Schär",1991,12,20,31,186,84,5,"SUI",210047,"DC",56.25,60,85,65,37.5,62.1428571428571,0,72.5,65,65,55,60,66.6666666666667,75,75,65,0,0,0,75,0,188,"Central_defenders"
170137,85132406,"Allan Saint-Maximin","Allan Irénée Saint-Maximin",1997,3,12,26,173,67,10,"FRA",216388,"MR",78.75,95,35,75,62.5,62.8571428571429,0,27.5,50,60,77.5,50,50,15,70,65,0,0,0,30,0,173,"Side_midfielders"
98747,29083750,"Nick Pope","Nick David Pope",1992,4,19,31,191,76,22,"ENG",203841,"GK",50,0,40,0,0,48.5714285714286,0,90,75,50,35,0,53.3333333333333,0,65,50,80,80,40,75,75,196,"Goalkeeper"
180135,28100360,"Sean Longstaff","Sean  Longstaff",1997,10,30,25,180,65,36,"ENG",237161,"DM",56.25,65,55,70,55,60.7142857142857,0,52.5,65,65,60,65,71.6666666666667,70,60,75,0,0,0,65,0,180,"Definsive_midfielders"
111773,93031462,"Emil Krafth","Emil  Krafth",1994,8,2,28,184,83,17,"SWE",207650,"DR",67.5,55,55,55,52.5,56.4285714285714,0,60,65,60,50,50,63.3333333333333,65,65,70,0,0,0,65,0,184,"Full_backs"
106618,28029911,"Paul Dummett","Paul  Dummett",1991,9,26,31,183,82,3,"WAL",204355,"DL",61.25,50,75,55,55,55,0,65,70,50,40,25,71.6666666666667,75,65,75,0,0,0,70,0,183,"Full_backs"
75115,28030268,"Callum Wilson","Callum Eddie Graham Wilson",1992,2,27,31,180,66,9,"ENG",196978,"ST",77.5,70,50,65,35,62.8571428571429,0,52.5,75,65,60,45,58.3333333333333,25,75,70,0,0,0,40,0,180,"Strikers"
219168,93070286,"Alexander Isak","Alexander  Isak",1999,9,21,23,192,77,19,"SWE",233731,"ST",77.5,75,55,75,40,65,0,70,75,65,72.5,45,56.6666666666667,30,60,70,0,0,0,30,0,190,"Strikers"
90105,61036775,"Ryan Fraser","Ryan  Fraser",1994,2,24,29,163,70,21,"SCO",207807,"MR",68.75,65,35,65,67.5,57.1428571428571,0,12.5,65,70,65,60,66.6666666666667,35,60,60,0,0,0,50,0,163,"Side_midfielders"
114243,29079830,"Jacob Murphy","Jacob Kai Murphy",1995,2,24,28,179,74,23,"ENG",206085,"WBR",71.25,70,45,65,45,51.4285714285714,0,27.5,65,55,60,55,60,55,50,55,0,0,0,65,0,179,"Full_backs"
81441,29036230,"Mark Gillespie","Mark  Gillespie",1992,3,27,31,192,83,29,"ENG",198039,"GK",53.75,0,45,0,0,45,0,60,50,45,35,0,45,0,65,70,60,80,55,55,70,192,"Goalkeeper"
59735,29021698,"Karl Darlow","Karl  Darlow",1990,10,8,32,190,88,26,"ENG",193331,"GK",58.75,0,5,0,0,49.2857142857143,0,65,65,55,35,0,60,0,50,60,75,70,55,70,75,190,"Goalkeeper"
104542,28047501,"Loris Karius","Loris  Karius",1993,6,22,30,189,87,18,"GER",203775,"GK",70,0,40,0,0,53.5714285714286,0,75,70,60,55,0,55,0,65,60,80,70,70,65,80,190,"Goalkeeper"
95715,19073564,"Lucas Moura","Lucas Moura",1992,8,13,30,172,72,27,"BRA",200949,"ML",75,80,55,65,57.5,57.1428571428571,0,65,65,65,65,45,58.3333333333333,45,40,75,0,0,0,35,0,172,"Side_midfielders"
40383,5128263,"Fraser Forster","Fraser Gerard Forster",1988,3,17,35,201,93,20,"ENG",172203,"GK",33.75,0,35,0,0,55.7142857142857,0,100,60,45,27.5,0,36.6666666666667,0,95,45,80,70,65,75,85,201,"Goalkeeper"
93264,55032265,"Eric Dier","Eric Jeremy Edgar Dier",1994,1,15,29,188,83,15,"ENG",202335,"DC",61.25,55,80,65,47.5,61.4285714285714,0,72.5,75,70,47.5,55,70,80,80,65,0,0,0,80,0,188,"Central_defenders"
221632,14130029,"Cristian Romero","Cristian  Romero",1998,4,27,25,185,79,17,"ARG",232488,"DC",68.75,45,90,65,27.5,64.2857142857143,0,75,85,60,50,25,56.6666666666667,85,75,70,0,0,0,70,0,185,"Central_defenders"
199584,28106874,"Japhet Tanganga","Japhet  Tanganga",1999,3,31,24,184,76,25,"ENG",236600,"DR",68.75,45,70,60,35,56.4285714285714,0,72.5,65,50,47.5,35,66.6666666666667,70,75,75,0,0,0,70,0,186,"Full_backs"
184349,29165656,"Ryan Sessegnon","Ryan  Sessegnon",2000,5,18,23,178,70,19,"ENG",235883,"DL",76.25,60,20,50,47.5,60,0,37.5,65,60,65,55,68.3333333333333,60,40,80,0,0,0,60,0,178,"Full_backs"
173904,76023027,"Davinson Sánchez","Davinson  Sánchez",1996,6,12,27,187,81,6,"COL",220793,"DC",73.75,55,75,65,35,55.7142857142857,0,67.5,60,65,57.5,45,61.6666666666667,75,80,75,0,0,0,65,0,187,"Central_defenders"
241157,19325045,"Emerson Royal","Emerson Royal",1999,1,14,24,181,79,12,"BRA",247204,"DR",71.25,55,40,65,57.5,58.5714285714286,0,55,60,60,60,55,63.3333333333333,70,65,80,0,0,0,60,0,181,"Full_backs"
132015,27058392,"Pierre-Emile Højbjerg","Pierre-Emile  Højbjerg",1995,8,5,27,187,84,5,"DEN",213648,"DM",70,55,85,70,60,65.7142857142857,0,50,70,70,62.5,45,71.6666666666667,80,75,100,0,0,0,70,0,185,"Definsive_midfielders"
115556,28049754,"Ben Davies","Ben Thomas Davies",1993,4,24,30,181,77,33,"WAL",205923,"DL",65,60,65,65,57.5,61.4285714285714,0,67.5,75,70,57.5,35,71.6666666666667,75,70,80,0,0,0,75,0,182,"Full_backs"
37915,8428653,"Hugo Lloris","Hugo  Lloris",1986,12,26,36,188,82,1,"FRA",167948,"GK",63.75,0,75,0,0,59.2857142857143,0,65,85,40,35,0,61.6666666666667,0,65,70,75,80,55,80,85,188,"Goalkeeper"
45034,34012563,"Ivan Perisic","Ivan  Perisic",1989,2,2,34,186,80,14,"CRO",181458,"WBL",76.25,60,70,75,60,64.2857142857143,0,75,75,65,62.5,60,66.6666666666667,60,60,75,0,0,0,65,0,186,"Full_backs"
171101,85078880,"Clément Lenglet","Clément  Lenglet",1995,6,17,28,186,81,34,"FRA",220440,"DC",65,55,60,65,47.5,62.8571428571429,0,75,75,70,60,40,66.6666666666667,75,70,75,0,0,0,75,0,186,"Central_defenders"
87835,52032335,"Matt Doherty","Matt  Doherty",1992,1,16,31,185,80,2,"IRL",201417,"DR",65,75,55,65,47.5,65,0,65,65,65,62.5,50,71.6666666666667,65,70,75,0,0,0,65,0,186,"Full_backs"
227127,13174979,"Yves Bissouma","Yves  Bissouma",1996,8,30,26,182,80,38,"c(""MLI"", ""CIV"")",236480,"DM",72.5,70,65,80,47.5,67.1428571428571,0,60,75,80,75,65,71.6666666666667,85,75,80,0,0,0,80,0,182,"Definsive_midfielders"
209042,28116496,"Oliver Skipp","Oliver William Skipp",2000,9,16,22,175,70,4,"ENG",241042,"DM",67.5,50,75,65,35,61.4285714285714,0,52.5,75,70,52.5,45,70,80,70,80,0,0,0,70,0,181,"Definsive_midfielders"
85971,92020288,"Son Heung-Min","Son Heung-Min",1992,7,8,31,184,77,7,"KOR",200104,NA,0,0,0,0,0,0,0,0,0,0,0,0,0,0,0,0,0,0,0,0,0,0,NA
78830,28049320,"Harry Kane","Harry  Kane",1993,7,28,29,188,86,10,"ENG",202126,NA,0,0,0,0,0,0,0,0,0,0,0,0,0,0,0,0,0,0,0,0,0,0,NA
232859,29178504,"Djed Spence","Djed  Spence",2000,8,9,22,185,NA,24,"ENG",243702,"DR",73.75,65,55,50,45,50.7142857142857,0,47.5,55,50,57.5,35,51.6666666666667,55,50,70,0,0,0,45,0,184,"Full_backs"
482442,12080051,"Pape Sarr","Pape  Sarr",2002,9,14,20,185,70,29,"SEN",259868,"MC",60,60,45,65,35,60,0,60,65,60,62.5,65,61.6666666666667,65,60,60,0,0,0,70,0,184,"Central_midfielders"
448791,28122840,"Harvey White","Harvey David White",2001,9,19,21,171,60,42,"ENG",245903,"DM",62.5,35,35,60,50,52.1428571428571,0,40,40,60,50,60,56.6666666666667,60,55,70,0,0,0,55,0,168,"Definsive_midfielders"
214572,28106884,"Brandon Austin","Brandon  Austin",1999,1,8,24,188,82,40,"ENG",236568,NA,0,0,0,0,0,0,0,0,0,0,0,0,0,0,0,0,0,0,0,0,0,0,NA
175941,28106871,"Alfie Whiteman","Alfie  Whiteman",1998,10,2,24,189,84,41,"ENG",236239,NA,0,0,0,0,0,0,0,0,0,0,0,0,0,0,0,0,0,0,0,0,0,0,NA
98980,14020367,"Emiliano Martínez","Emiliano  Martínez",1992,9,2,30,195,88,1,"ARG",202811,"GK",61.25,0,35,0,0,57.1428571428571,0,75,65,60,50,0,60,0,60,60,70,80,70,65,90,193,"Goalkeeper"
230046,19302456,"Douglas Luiz","Douglas Luiz",1998,5,9,25,175,66,6,"BRA",236499,"DM",68.75,60,65,70,37.5,65,0,57.5,70,70,70,65,61.6666666666667,70,65,75,0,0,0,55,0,178,"Definsive_midfielders"
226944,48043084,"Boubacar Kamara","Boubacar  Kamara",1999,11,23,23,184,68,44,"FRA",236987,"DC",70,65,60,60,35,60.7142857142857,0,67.5,70,75,60,40,66.6666666666667,75,60,70,0,0,0,70,0,184,"Central_defenders"
195546,67201783,"Emiliano Buendía","Emiliano  Buendía",1996,12,25,26,172,72,10,"ARG",226162,"ML",72.5,80,75,75,72.5,65,0,32.5,70,75,82.5,55,58.3333333333333,35,50,65,0,0,0,40,0,170,"Side_midfielders"
151589,18057380,"Leander Dendoncker","Leander  Dendoncker",1995,4,15,28,188,83,32,"BEL",212501,"DC",62.5,55,70,55,45,63.5714285714286,0,77.5,75,70,60,55,66.6666666666667,70,60,70,0,0,0,65,0,188,"Central_defenders"
165659,19188567,"Diego Carlos","Diego Carlos",1993,3,15,30,186,79,3,"BRA",219693,"DC",71.25,35,80,55,20,58.5714285714286,0,72.5,75,60,52.5,40,60,75,90,75,0,0,0,75,0,185,"Central_defenders"
178301,29110623,"Ollie Watkins","Ollie George Arthur Watkins",1995,12,30,27,180,70,11,"ENG",221697,"AMR",76.25,65,50,60,47.5,55.7142857142857,0,62.5,65,65,65,55,58.3333333333333,35,70,85,0,0,0,25,0,180,"Attacking_midfielders"
215711,18083491,"Leon Bailey","Leon  Bailey",1997,8,9,25,178,77,31,"JAM",229906,"MR",80,75,65,60,70,55,0,47.5,55,55,70,70,46.6666666666667,35,45,65,0,0,0,30,0,178,"Side_midfielders"
199798,29141827,"Ezri Konsa","Ezri  Konsa",1997,10,23,25,183,77,4,"ENG",227678,"DC",70,60,65,65,27.5,62.8571428571429,0,72.5,70,70,60,15,63.3333333333333,75,70,75,0,0,0,70,0,183,"Central_defenders"
232653,29193659,"Jacob Ramsey","Jacob Matthew Ramsey",2001,5,28,22,NA,NA,41,"ENG",246923,"MC",68.75,75,45,65,45,59.2857142857143,0,50,60,65,65,60,60,50,65,70,0,0,0,50,0,180,"Central_midfielders"
84939,29030379,"Danny Ings","Danny  Ings",1992,7,23,31,178,73,9,"ENG",195859,"ST",67.5,65,65,65,37.5,68.5714285714286,0,60,70,65,67.5,60,66.6666666666667,55,70,70,0,0,0,50,0,178,"Strikers"
203368,85096693,"Frédéric Guilbert","Frédéric  Guilbert",1994,12,24,28,178,70,24,"FRA",227222,"DR",68.75,60,65,60,47.5,62.8571428571429,0,57.5,65,60,62.5,55,61.6666666666667,60,65,75,0,0,0,50,0,178,"Full_backs"
18892,5113149,"Ashley Young","Ashley  Young",1985,7,9,38,175,65,18,"ENG",152908,"DR",67.5,60,35,70,67.5,58.5714285714286,0,35,65,65,55,55,68.3333333333333,50,60,55,0,0,0,60,0,175,"Full_backs"
155561,93024775,"Ludwig Augustinsson","Ludwig  Augustinsson",1994,4,21,29,181,74,17,"SWE",212678,"DL",67.5,50,50,60,77.5,61.4285714285714,0,45,70,65,52.5,60,66.6666666666667,70,60,70,0,0,0,65,0,181,"Full_backs"
122775,85046988,"Morgan Sanson","Morgan  Sanson",1994,8,18,28,180,73,8,"FRA",210896,"MC",70,70,65,75,62.5,65.7142857142857,0,40,70,75,72.5,65,65,55,60,70,0,0,0,50,0,180,"Central_midfielders"
171771,96047750,"Jan Bednarek","Jan  Bednarek",1996,4,12,27,189,84,20,"POL",220570,"DC",68.75,45,60,55,22.5,60.7142857142857,0,70,70,60,50,25,55,70,75,85,0,0,0,70,0,189,"Central_defenders"
184704,13104090,"Marvelous Nakamba","Marvelous  Nakamba",1994,1,19,29,178,71,19,"ZIM",222994,"DM",68.75,60,90,60,42.5,61.4285714285714,0,45,70,65,62.5,45,73.3333333333333,80,65,80,0,0,0,70,0,176,"Definsive_midfielders"
149484,29074544,"Tyrone Mings","Tyrone  Mings",1993,3,13,30,196,77,5,"ENG",212419,"DL",70,65,75,55,47.5,65.7142857142857,0,77.5,65,70,65,45,68.3333333333333,75,75,70,0,0,0,65,0,196,"Full_backs"
122806,61043070,"John McGinn","John  McGinn",1994,10,18,28,178,68,7,"SCO",210881,"DM",68.75,70,75,65,60,60,0,45,65,70,67.5,75,70,70,75,85,0,0,0,65,0,181,"Definsive_midfielders"
515597,37085322,"Lamare Bogarde","Lamare  Bogarde",2004,1,5,19,NA,NA,52,"NED",264209,"DL",55,50,60,55,22.5,49.2857142857143,0,40,60,55,47.5,25,56.6666666666667,60,45,45,0,0,0,65,0,183,"Full_backs"
433979,29219088,"Cameron Archer","Cameron  Archer",2001,12,9,21,171,72,35,"ENG",258930,"ST",68.75,55,45,60,27.5,55,0,55,50,40,52.5,45,58.3333333333333,20,60,60,0,0,0,55,0,171,"Strikers"
177815,29123128,"Dominic Calvert-Lewin","Dominic  Calvert-Lewin",1997,3,16,26,187,71,9,"ENG",221479,"ST",75,55,65,75,50,59.2857142857143,0,82.5,70,55,57.5,45,61.6666666666667,25,80,75,0,0,0,30,0,187,"Strikers"
121599,85027988,"Abdoulaye Doucouré","Abdoulaye  Doucouré",1993,1,1,30,184,75,16,"c(""MLI"", ""FRA"")",208135,"DM",70,60,65,70,40,60.7142857142857,0,60,60,65,62.5,65,68.3333333333333,60,75,80,0,0,0,60,0,183,"Definsive_midfielders"
198826,29142372,"Ben Godfrey","Ben  Godfrey",1998,1,15,25,183,74,22,"ENG",225793,"DR",77.5,40,70,65,32.5,54.2857142857143,0,65,55,65,50,60,61.6666666666667,75,80,80,0,0,0,60,0,183,"Full_backs"
232928,28115831,"James Garner","James David Garner",2001,3,13,22,186,78,37,"ENG",243657,"DM",62.5,30,50,70,62.5,60.7142857142857,0,50,70,75,50,65,68.3333333333333,60,55,80,0,0,0,65,0,182,"Definsive_midfielders"
153133,28084930,"Alex Iwobi","Alex  Iwobi",1996,5,3,27,180,75,17,"NGA",213655,"DM",67.5,80,45,65,57.5,62.8571428571429,0,52.5,65,60,67.5,65,71.6666666666667,55,65,80,0,0,0,70,0,180,"Definsive_midfielders"
94147,28047452,"Conor Coady","Conor David Coady",1993,2,25,30,185,80,30,"ENG",202048,"DC",65,55,75,65,30,67.1428571428571,0,67.5,65,75,52.5,45,66.6666666666667,65,65,70,0,0,0,70,0,186,"Central_defenders"
173807,28100152,"Tom Davies","Tom  Davies",1998,6,30,25,180,70,26,"ENG",230005,"DM",70,60,75,65,47.5,61.4285714285714,0,50,70,65,67.5,35,70,70,65,85,0,0,0,70,0,179,"Definsive_midfielders"
40349,5123112,"Asmir Begovic","Asmir  Begovic",1987,6,20,36,199,101,15,"BIH",172723,"GK",58.75,0,55,0,0,52.1428571428571,0,75,70,65,50,0,48.3333333333333,0,70,60,65,70,65,75,70,199,"Goalkeeper"
80801,85032335,"Idrissa Gueye","Idrissa  Gueye",1989,9,26,33,174,66,27,"SEN",193474,"DM",70,50,70,65,42.5,65.7142857142857,0,47.5,85,60,50,65,66.6666666666667,90,65,80,0,0,0,70,0,174,"Definsive_midfielders"
59949,56001681,"Séamus Coleman","Séamus  Coleman",1988,10,11,34,177,67,23,"IRL",180216,"DR",56.25,55,75,60,42.5,62.8571428571429,0,60,65,60,57.5,65,68.3333333333333,70,60,65,0,0,0,65,0,178,"Full_backs"
11974,5723489,"Eldin Jakupovic","Eldin  Jakupovic",1984,10,2,38,191,85,35,"c(""SUI"", ""BIH"")",52326,"GK",48.75,0,75,0,0,44.2857142857143,0,80,60,50,30,0,46.6666666666667,0,50,45,80,65,70,65,60,191,"Goalkeeper"
216054,48036492,"Rúben Vinagre","Rúben Vinagre",1999,4,9,24,174,71,29,"POR",235172,"DL",70,70,55,65,62.5,57.8571428571429,0,42.5,60,65,72.5,45,53.3333333333333,50,50,60,0,0,0,40,0,174,"Full_backs"
60252,28005834,"Andros Townsend","Andros  Townsend",1991,7,16,32,181,77,14,"ENG",194932,"ML",68.75,75,60,65,67.5,53.5714285714286,0,37.5,40,55,57.5,70,53.3333333333333,30,55,75,0,0,0,45,0,178,"Side_midfielders"
11948,134134,"Andy Lonergan","Andy  Lonergan",1983,10,19,39,192,87,31,"ENG",118794,"GK",36.25,0,25,0,0,43.5714285714286,0,65,40,20,22.5,0,46.6666666666667,0,60,45,60,75,65,65,65,193,"Goalkeeper"
106611,28047558,"Michael Keane","Michael Vincent Keane",1993,1,11,30,191,82,5,"ENG",207599,"DC",56.25,40,55,60,32.5,53.5714285714286,0,75,75,60,42.5,25,65,80,75,65,0,0,0,70,0,186,"Central_defenders"
172632,29114887,"Demarai Gray","Demarai  Gray",1996,6,28,27,180,74,11,"ENG",220633,"MR",76.25,70,45,60,57.5,53.5714285714286,0,37.5,60,60,67.5,45,53.3333333333333,25,50,65,0,0,0,40,0,184,"Side_midfielders"
57134,67063933,"Salomón Rondón","Salomón  Rondón",1989,9,16,33,186,86,33,"VEN",189250,"ST",62.5,50,70,55,37.5,60,0,72.5,65,50,52.5,50,55,30,90,75,0,0,0,35,0,186,"Strikers"
194164,29128167,"Mason Holgate","Mason Anthony Holgate",1996,10,22,26,184,63,4,"ENG",225024,"DR",71.25,45,75,55,32.5,56.4285714285714,0,67.5,65,60,52.5,25,60,70,75,75,0,0,0,70,0,184,"Full_backs"
232826,28116386,"Anthony Gordon","Anthony  Gordon",2001,2,24,22,183,72,10,"ENG",242964,NA,0,0,0,0,0,0,0,0,0,0,0,0,0,0,0,0,0,0,0,0,0,0,NA
111234,28054565,"Jordan Pickford","Jordan Lee Pickford",1994,3,7,29,185,82,1,"ENG",204935,"GK",58.75,0,80,0,0,57.8571428571429,0,70,70,60,35,0,45,0,65,65,80,70,80,70,80,187,"Goalkeeper"
433154,28110488,"Dwight McNeil","Dwight  McNeil",1999,11,22,23,183,68,7,"ENG",243282,"MR",72.5,65,40,65,67.5,58.5714285714286,0,45,65,70,70,40,63.3333333333333,60,50,60,0,0,0,55,0,183,"Side_midfielders"
17761,29055569,"James Tarkowski","James Alan Tarkowski",1992,11,19,30,185,81,2,"ENG",202695,"DC",65,50,65,65,22.5,63.5714285714286,0,75,75,70,60,30,63.3333333333333,75,65,65,0,0,0,70,0,186,"Central_defenders"
164511,76037151,"Yerry Mina","Yerry  Mina",1994,9,23,28,195,94,13,"COL",220523,"DC",57.5,60,65,60,35,62.8571428571429,0,82.5,60,60,52.5,40,61.6666666666667,75,80,60,0,0,0,70,0,193,"Central_defenders"
115382,85120748,"Neal Maupay","Neal  Maupay",1996,8,14,26,173,69,9,"FRA",211784,"ST",70,55,85,70,40,64.2857142857143,0,52.5,70,65,65,65,63.3333333333333,45,70,75,0,0,0,45,0,171,"Strikers"
449871,91207274,"Amadou Onana","Amadou  Onana",2001,8,16,21,192,76,8,"c(""BEL"", ""SEN"")",257057,"DC",68.75,70,65,65,40,61.4285714285714,0,67.5,55,65,67.5,45,53.3333333333333,70,65,70,0,0,0,55,0,192,"Central_defenders"
474907,28127114,"Reece Welch","Reece  Welch",2003,9,19,19,NA,NA,64,"ENG",268632,NA,0,0,0,0,0,0,0,0,0,0,0,0,0,0,0,0,0,0,0,0,0,0,NA
173515,13136621,"Kelechi Iheanacho","Kelechi Promise Iheanacho",1996,10,3,26,185,82,14,"NGA",225719,"AMC",72.5,65,55,75,32.5,60,0,65,65,70,65,70,60,35,70,75,0,0,0,30,0,185,"Attacking_midfielders"
218218,18083577,"Wout Faes","Wout  Faes",1998,4,3,25,187,84,3,"BEL",235036,"DC",60,55,65,60,45,66.4285714285714,0,70,85,65,52.5,40,60,75,65,70,0,0,0,70,0,187,"Central_defenders"
166477,18074558,"Timothy Castagne","Timothy  Castagne",1995,12,5,27,185,80,27,"BEL",222501,"DR",71.25,65,60,60,55,56.4285714285714,0,52.5,60,65,60,40,66.6666666666667,60,55,75,0,0,0,60,0,185,"Full_backs"
51938,29010506,"Marc Albrighton","Marc Kevin Albrighton",1989,11,18,33,175,74,11,"ENG",183130,"WBR",63.75,65,70,70,80,63.5714285714286,0,27.5,60,70,65,50,73.3333333333333,60,45,80,0,0,0,70,0,175,"Full_backs"
111931,55062009,"Ricardo Pereira","Ricardo Pereira",1993,10,6,29,175,70,21,"POR",210243,"DR",65,70,55,60,57.5,60.7142857142857,0,37.5,70,60,62.5,60,71.6666666666667,80,50,65,0,0,0,70,0,175,"Full_backs"
166989,18077264,"Youri Tielemans","Youri  Tielemans",1997,5,7,26,176,72,8,"BEL",216393,"DM",65,65,65,80,60,74.2857142857143,0,42.5,75,90,82.5,60,68.3333333333333,60,50,60,0,0,0,60,0,176,"Definsive_midfielders"
201666,28100207,"Harvey Barnes","Harvey  Barnes",1997,12,9,25,174,66,7,"ENG",234742,"MR",73.75,80,45,70,55,57.1428571428571,0,45,60,60,67.5,70,50,35,60,70,0,0,0,30,0,178,"Side_midfielders"
215413,28106342,"Kiernan Dewsbury-Hall","Kiernan  Dewsbury-Hall",1998,9,6,24,NA,NA,22,"ENG",237386,NA,0,0,0,0,0,0,0,0,0,0,0,0,0,0,0,0,0,0,0,0,0,0,NA
168580,67172040,"Ayoze Pérez","Ayoze  Pérez",1993,7,29,29,178,72,17,"ESP",215590,"ML",67.5,75,30,75,47.5,63.5714285714286,0,47.5,70,65,70,45,61.6666666666667,50,45,70,0,0,0,40,0,178,"Side_midfielders"
93100,27013431,"Jannik Vestergaard","Jannik  Vestergaard",1992,8,3,30,199,98,23,"DEN",202849,"DC",42.5,60,50,45,27.5,62.8571428571429,0,90,65,70,50,55,55,75,90,60,0,0,0,60,0,197,"Central_defenders"
86881,85010871,"Nampalys Mendy","Nampalys  Mendy",1992,6,23,31,167,73,24,"SEN",198861,"DM",67.5,60,65,70,47.5,60.7142857142857,0,32.5,75,70,55,35,63.3333333333333,75,60,85,0,0,0,70,0,167,"Definsive_midfielders"
101668,90008752,"Jamie Vardy","Jamie  Vardy",1987,1,11,36,179,74,9,"ENG",208830,"ST",75,60,85,70,47.5,70,0,57.5,75,60,60,60,61.6666666666667,60,65,80,0,0,0,25,0,179,"Strikers"
37642,5005078,"Jonny Evans","Jonny  Evans",1988,1,3,35,188,77,6,"NIR",169588,"DC",55,50,60,60,22.5,65,0,75,85,60,37.5,15,58.3333333333333,80,75,65,0,0,0,75,0,188,"Central_defenders"
220627,29140167,"James Justin","James  Justin",1998,2,23,25,183,80,2,"ENG",231554,"DR",71.25,65,60,55,50,52.8571428571429,0,60,60,60,47.5,40,61.6666666666667,60,60,80,0,0,0,65,0,183,"Full_backs"
40146,5131224,"Ryan Bertrand","Ryan  Bertrand",1989,8,5,33,179,85,5,"ENG",169705,"DL",63.75,65,55,55,65,60.7142857142857,0,50,65,60,55,20,56.6666666666667,70,60,80,0,0,0,60,0,179,"Full_backs"
155569,93034815,"Daniel Amartey","Daniel  Amartey",1994,12,21,28,186,79,18,"GHA",212883,"DR",60,55,75,60,45,52.8571428571429,0,67.5,65,60,42.5,50,65,70,75,75,0,0,0,65,0,186,"Full_backs"
207270,27102367,"Daniel Iversen","Daniel  Iversen",1997,7,19,25,193,80,31,"DEN",228410,"GK",55,0,30,0,0,48.5714285714286,0,75,55,50,32.5,0,46.6666666666667,0,65,60,75,65,55,65,75,193,"Goalkeeper"
203341,18091791,"Wilfred Ndidi","Wilfred  Ndidi",1996,12,16,26,183,74,25,"NGA",226790,"DM",67.5,60,70,65,50,63.5714285714286,0,72.5,90,65,60,60,68.3333333333333,95,70,80,0,0,0,75,0,183,"Definsive_midfielders"
45220,5132647,"Alex Smithies","Alex  Smithies",1990,3,5,33,185,84,12,"ENG",184436,"GK",60,0,50,0,0,52.8571428571429,0,65,55,50,40,0,56.6666666666667,0,50,60,70,60,65,65,60,188,"Goalkeeper"
218031,70093800,"Çaglar Söyüncü","Çaglar  Söyüncü",1996,5,23,27,185,82,4,"TUR",232119,"DC",63.75,60,60,60,27.5,57.8571428571429,0,75,70,50,47.5,40,56.6666666666667,80,80,65,0,0,0,70,0,185,"Central_defenders"
225902,48044576,"Boubakary Soumaré","Boubakary  Soumaré",1999,2,27,24,188,70,42,"FRA",239817,"DM",61.25,70,40,70,57.5,68.5714285714286,0,60,70,75,72.5,50,70,70,80,75,0,0,0,65,0,188,"Definsive_midfielders"
106837,18045342,"Dennis Praet","Dennis  Praet",1994,5,14,29,181,78,26,"BEL",199652,"MC",63.75,65,60,70,65,70,0,42.5,60,75,77.5,60,65,65,60,65,0,0,0,55,0,181,"Central_midfielders"
244619,28117365,"Luke Thomas","Luke Jonathan Thomas",2001,6,10,22,NA,NA,33,"ENG",254470,NA,0,0,0,0,0,0,0,0,0,0,0,0,0,0,0,0,0,0,0,0,0,0,NA
95463,29058892,"Danny Ward","Danny  Ward",1993,6,22,30,191,88,1,"WAL",207998,"GK",60,0,60,0,0,53.5714285714286,0,60,65,55,35,0,45,0,65,65,55,70,65,60,65,193,"Goalkeeper"
245419,13158264,"Patson Daka","Patson  Daka",1998,10,9,24,183,71,20,"ZAM",241202,"ST",76.25,50,25,70,35,60.7142857142857,0,52.5,65,60,57.5,55,63.3333333333333,40,65,65,0,0,0,55,0,183,"Strikers"
172780,28093567,"James Maddison","James Daniel Maddison",1996,11,23,26,175,73,10,"ENG",220697,"MC",70,80,40,75,62.5,70.7142857142857,0,32.5,60,80,80,70,60,55,40,65,0,0,0,50,0,175,"Central_midfielders"
169187,28104124,"Trent Alexander-Arnold","Trent  Alexander-Arnold",1998,10,7,24,175,72,66,"ENG",231281,"DR",71.25,60,60,85,82.5,69.2857142857143,0,55,65,80,75,60,70,65,65,70,0,0,0,55,0,180,"Full_backs"
444884,29233143,"Harvey Elliott","Harvey Daniel James Elliott",2003,4,4,20,170,NA,19,"ENG",246174,"MC",62.5,75,65,85,67.5,67.8571428571429,0,30,70,80,77.5,55,70,45,55,65,0,0,0,55,0,170,"Central_midfielders"
15157,5106363,"James Milner","James Philip Milner",1986,1,4,37,175,70,7,"ENG",138412,"DR",62.5,50,75,75,62.5,65.7142857142857,0,42.5,65,70,57.5,35,71.6666666666667,65,75,85,0,0,0,65,0,176,"Full_backs"
447203,78090138,"Darwin Núñez","Darwin Gabriel Núñez",1999,6,24,24,187,81,27,"URU",253072,"ST",77.5,60,80,50,47.5,59.2857142857143,0,70,65,55,62.5,65,61.6666666666667,45,75,80,0,0,0,30,0,187,"Strikers"
56979,28005568,"Jordan Henderson","Jordan  Henderson",1990,6,17,33,182,78,14,"ENG",183711,"DM",68.75,55,70,75,60,73.5714285714286,0,57.5,75,65,60,45,80,70,75,90,0,0,0,80,0,183,"Definsive_midfielders"
60914,91018389,"Joël Matip","Joël Job Matip",1991,8,8,31,195,90,32,"c(""CMR"", ""GER"")",197061,"DC",68.75,75,75,75,27.5,65.7142857142857,0,80,75,75,65,15,71.6666666666667,75,70,75,0,0,0,85,0,195,"Central_defenders"
197464,29119679,"Nathaniel Phillips","Nathaniel  Phillips",1997,3,21,26,190,NA,47,"ENG",240926,"DC",58.75,45,75,60,22.5,52.8571428571429,0,77.5,60,65,45,30,56.6666666666667,70,75,60,0,0,0,65,0,190,"Central_defenders"
243343,28121437,"Jake Cain","Jake  Cain",2001,9,2,21,NA,NA,64,"ENG",253482,NA,0,0,0,0,0,0,0,0,0,0,0,0,0,0,0,0,0,0,0,0,0,0,NA
200720,28104130,"Caoimhín Kelleher","Caoimhín  Kelleher",1998,11,23,24,178,74,62,"IRL",240913,NA,0,0,0,0,0,0,0,0,0,0,0,0,0,0,0,0,0,0,0,0,0,0,NA
92217,19068857,"Roberto Firmino","Roberto Firmino",1991,10,2,31,181,76,9,"BRA",201942,"AMR",72.5,70,65,85,50,70,0,55,75,65,72.5,50,76.6666666666667,60,70,80,0,0,0,65,0,181,"Attacking_midfielders"
204716,48037822,"Ibrahima Konaté","Ibrahima  Konaté",1999,5,25,24,194,95,5,"FRA",237678,"DC",70,65,75,70,20,57.8571428571429,0,82.5,70,65,47.5,25,58.3333333333333,75,85,60,0,0,0,70,0,194,"Central_defenders"
81880,28046572,"Alex Oxlade-Chamberlain","Alex Mark David Oxlade-Chamberlain",1993,8,15,29,180,70,15,"ENG",198784,"MC",71.25,75,55,75,62.5,65,0,42.5,65,75,75,70,70,55,70,70,0,0,0,60,0,176,"Central_midfielders"
214285,36096824,"Konstantinos Tsimikas","Konstantinos  Tsimikas",1996,5,12,27,178,77,21,"GRE",232223,"DL",72.5,75,75,75,75,67.1428571428571,0,47.5,75,75,70,45,73.3333333333333,75,60,75,0,0,0,70,0,175,"Full_backs"
175592,85140676,"Naby Keïta","Naby Laye Keïta",1995,2,10,28,172,64,8,"GUI",220971,"DM",71.25,80,65,75,50,69.2857142857143,0,37.5,85,75,75,55,76.6666666666667,65,55,85,0,0,0,70,0,172,"Definsive_midfielders"
122798,61043456,"Andrew Robertson","Andrew Henry Robertson",1994,3,11,29,178,64,26,"SCO",216267,"DL",78.75,60,85,75,75,69.2857142857143,0,47.5,70,70,62.5,30,73.3333333333333,75,60,90,0,0,0,70,0,178,"Full_backs"
206915,28115788,"Curtis Jones","Curtis  Jones",2001,1,30,22,185,75,17,"ENG",242434,"MC",67.5,80,55,80,62.5,68.5714285714286,0,45,70,70,72.5,65,65,45,55,65,0,0,0,50,0,185,"Central_midfielders"
171287,29115800,"Joe Gomez","Joe David Gomez",1997,5,23,26,188,77,2,"ENG",225100,"DR",77.5,55,70,75,30,56.4285714285714,0,72.5,75,70,50,10,63.3333333333333,75,75,75,0,0,0,75,0,188,"Full_backs"
118748,98028755,"Mohamed Salah","Mohamed Salah",1992,6,15,31,175,71,11,"EGY",209331,"AMR",86.25,85,55,85,65,74.2857142857143,0,45,80,75,75,65,70,35,75,75,0,0,0,45,0,175,"Attacking_midfielders"
244858,28122195,"Fábio Carvalho","Fábio Carvalho",2002,8,30,20,NA,NA,28,"POR",256725,"AMR",70,80,65,70,55,59.2857142857143,0,32.5,70,70,72.5,50,51.6666666666667,35,35,70,0,0,0,30,0,170,"Attacking_midfielders"
194634,55083779,"Diogo Jota","Diogo Jota",1996,12,4,26,178,68,20,"POR",224458,"AMR",76.25,80,70,70,47.5,63.5714285714286,0,65,70,65,72.5,60,63.3333333333333,40,55,65,0,0,0,45,0,178,"Attacking_midfielders"
443629,19376885,"Marcelo Pitaluga","Marcelo Pitaluga",2002,12,20,20,192,77,97,"BRA",259430,NA,0,0,0,0,0,0,0,0,0,0,0,0,0,0,0,0,0,0,0,0,0,0,NA
97032,37024025,"Virgil van Dijk","Virgil  van Dijk",1991,7,8,32,195,92,4,"NED",203376,"DC",75,65,85,85,20,78.5714285714286,0,87.5,85,80,70,35,65,85,85,70,0,0,0,85,0,193,"Central_defenders"
244560,48036809,"Romain Perraud","Romain  Perraud",1997,9,22,25,173,68,15,"FRA",231318,"DL",68.75,60,70,60,60,60.7142857142857,0,37.5,65,60,60,80,70,60,50,75,0,0,0,65,0,173,"Full_backs"
101178,29076100,"James Ward-Prowse","James  Ward-Prowse",1994,11,1,28,173,66,8,"ENG",205569,"DM",70,50,75,65,95,70.7142857142857,0,35,65,75,65,55,71.6666666666667,65,60,100,0,0,0,65,0,173,"Definsive_midfielders"
91047,61028448,"Stuart Armstrong","Stuart  Armstrong",1992,3,30,31,183,75,17,"SCO",202282,"ML",65,75,55,70,62.5,64.2857142857143,0,50,70,75,67.5,75,66.6666666666667,55,60,70,0,0,0,50,0,183,"Side_midfielders"
431131,6601602,"Moussa Djenepo","Moussa  Djenepo",1998,6,15,25,177,65,19,"MLI",237560,"MR",70,75,50,60,52.5,47.1428571428571,0,42.5,40,60,60,40,48.3333333333333,25,60,70,0,0,0,25,0,177,"Side_midfielders"
58376,8601160,"Alex McCarthy","Alex  McCarthy",1989,12,3,33,193,79,1,"ENG",189324,"GK",56.25,0,35,0,0,45.7142857142857,0,85,65,55,35,0,46.6666666666667,0,75,65,75,70,70,75,70,194,"Goalkeeper"
477386,92102718,"Armel Bella-Kotchap","Armel  Bella-Kotchap",2001,12,11,21,190,87,37,"c(""GER"", ""FRA"")",247497,"DC",66.25,50,50,60,27.5,52.1428571428571,0,72.5,65,65,55,35,53.3333333333333,65,75,55,0,0,0,70,0,190,"Central_defenders"
200439,90055302,"Che Adams","Che  Adams",1996,7,13,27,175,70,10,"c(""SCO"", ""ENG"")",226093,"ST",75,70,55,65,40,56.4285714285714,0,55,65,75,65,65,60,40,80,70,0,0,0,45,0,175,"Strikers"
20467,5125014,"Theo Walcott","Theo  Walcott",1989,3,16,34,176,68,32,"ENG",164859,"MR",70,65,45,55,52.5,53.5714285714286,0,30,55,55,60,35,53.3333333333333,35,45,60,0,0,0,45,0,176,"Side_midfielders"
450527,67270690,"Mohammed Salisu","Mohammed  Salisu",1999,4,17,24,191,82,22,"GHA",244915,"DC",67.5,50,60,55,40,61.4285714285714,0,77.5,75,55,50,40,65,80,80,75,0,0,0,75,0,191,"Central_defenders"
456350,52094936,"Gavin Bazunu","Gavin  Bazunu",2002,2,20,21,189,79,31,"IRL",243585,"GK",61.25,0,40,0,0,48.5714285714286,0,65,55,65,52.5,0,60,0,50,65,70,80,70,60,80,189,"Goalkeeper"
173271,24039427,"Duje Caleta-Car","Duje  Caleta-Car",1996,9,17,26,192,89,6,"CRO",225263,"DC",60,40,70,65,25,60.7142857142857,0,75,75,70,60,50,60,70,80,70,0,0,0,70,0,192,"Central_defenders"
155511,28091349,"Adam Armstrong","Adam Armstrong",1997,2,10,26,174,69,9,"ENG",221841,"AML",77.5,65,35,65,37.5,50.7142857142857,0,40,65,50,52.5,70,50,25,45,75,0,0,0,30,0,172,"Attacking_midfielders"
158534,29126231,"Kyle Walker-Peters","Kyle  Walker-Peters",1997,4,13,26,173,62,2,"ENG",227927,"DR",75,75,60,70,60,57.8571428571429,0,40,65,60,57.5,40,71.6666666666667,70,55,85,0,0,0,70,0,174,"Full_backs"
240143,48036506,"Ibrahima Diallo","Ibrahima  Diallo",1999,3,8,24,179,68,27,"FRA",239452,"DM",72.5,65,60,70,45,60.7142857142857,0,47.5,70,70,60,40,63.3333333333333,70,60,85,0,0,0,65,0,179,"Definsive_midfielders"
476888,49048369,"Sékou Mara","Sékou  Mara",2002,7,30,20,184,NA,18,"FRA",257612,"ST",65,70,45,60,30,61.4285714285714,0,62.5,65,65,62.5,55,60,35,60,60,0,0,0,45,0,184,"Strikers"
514356,18115012,"Roméo Lavia","Roméo  Lavia",2004,1,6,19,NA,NA,45,"BEL",263620,NA,0,0,0,0,0,0,0,0,0,0,0,0,0,0,0,0,0,0,0,0,0,0,NA
490503,28126246,"Samuel Edozie","Samuel  Edozie",2003,1,28,20,NA,NA,23,"ENG",263953,NA,0,0,0,0,0,0,0,0,0,0,0,0,0,0,0,0,0,0,0,0,0,0,NA
201057,91126230,"Thilo Kehrer","Thilo  Kehrer",1996,9,21,26,186,76,24,"GER",226229,"DR",71.25,45,70,65,40,60,0,70,65,65,55,40,51.6666666666667,75,65,70,0,0,0,55,0,186,"Full_backs"
57531,28036815,"Michail Antonio","Michail Gregory Antonio",1990,3,28,33,180,82,9,"c(""JAM"", ""ENG"")",190717,"ML",71.25,70,65,65,47.5,60.7142857142857,0,67.5,75,55,62.5,45,63.3333333333333,40,80,65,0,0,0,45,0,180,"Side_midfielders"
60232,90000708,"Craig Dawson","Craig  Dawson",1990,5,6,33,188,82,15,"ENG",194806,"DC",62.5,45,75,60,35,55,0,85,65,55,45,30,60,75,75,75,0,0,0,75,0,188,"Central_defenders"
32259,5004726,"Darren Randolph","Darren  Randolph",1987,5,12,36,188,98,35,"IRL",169697,"GK",56.25,0,50,0,0,50,0,75,50,55,40,0,58.3333333333333,0,75,65,70,75,65,70,80,188,"Goalkeeper"
55459,28005949,"Aaron Cresswell","Aaron  Cresswell",1989,12,15,33,170,66,3,"ENG",189615,"DL",70,65,40,65,80,67.1428571428571,0,47.5,70,60,60,70,71.6666666666667,65,50,75,0,0,0,70,0,170,"Full_backs"
164555,25038517,"Vladimír Coufal","Vladimír  Coufal",1992,8,22,30,179,76,5,"CZE",244470,"DR",68.75,45,70,55,52.5,55,0,62.5,55,50,40,50,65,80,70,80,0,0,0,70,0,175,"Full_backs"
86934,14025513,"Manuel Lanzini","Manuel  Lanzini",1993,2,15,30,167,59,10,"ARG",188988,"MC",68.75,75,60,80,62.5,66.4285714285714,0,32.5,75,70,72.5,65,58.3333333333333,25,40,65,0,0,0,35,0,167,"Central_midfielders"
84182,85027976,"Alphonse Aréola","Alphonse  Aréola",1993,2,27,30,195,94,13,"FRA",193105,"GK",66.25,0,40,0,0,58.5714285714286,0,75,70,50,45,0,61.6666666666667,0,70,75,70,70,70,70,75,195,"Goalkeeper"
215439,25041687,"Tomás Soucek","Tomás  Soucek",1995,2,27,28,192,86,28,"CZE",236792,"DM",65,60,75,60,25,62.8571428571429,0,87.5,75,65,45,60,78.3333333333333,80,80,95,0,0,0,75,0,192,"Definsive_midfielders"
224024,19226741,"Lucas Paquetá","Lucas Paquetá",1997,8,27,25,180,72,11,"BRA",233927,"MC",68.75,75,65,80,60,68.5714285714286,0,57.5,65,80,82.5,65,61.6666666666667,50,70,65,0,0,0,50,0,180,"Central_midfielders"
178186,29125842,"Jarrod Bowen","Jarrod  Bowen",1996,12,20,26,175,70,20,"ENG",224371,"MR",73.75,80,40,65,67.5,60,0,45,70,70,70,70,65,40,40,75,0,0,0,40,0,174,"Side_midfielders"
149519,85117459,"Maxwel Cornet","Maxwel  Cornet",1996,9,27,26,179,69,20,"CIV",215798,"DL",71.25,60,40,60,57.5,52.1428571428571,0,52.5,60,60,60,50,60,55,60,65,0,0,0,50,0,179,"Full_backs"
103192,85075595,"Kurt Zouma","Kurt Happy Zouma",1994,10,27,28,190,96,4,"FRA",204311,"DR",72.5,45,75,55,35,55.7142857142857,0,87.5,65,55,45,35,58.3333333333333,75,100,70,0,0,0,70,0,190,"Full_backs"
210494,13199286,"Nayef Aguerd","Nayef  Aguerd",1996,3,30,27,190,76,27,"MAR",244749,"DC",58.75,25,55,60,30,57.8571428571429,0,80,65,60,42.5,35,58.3333333333333,70,60,65,0,0,0,75,0,188,"Central_defenders"
222018,28111063,"Ben Johnson","Ben  Johnson",2000,1,24,23,175,67,2,"ENG",241842,"DR",63.75,60,60,60,47.5,58.5714285714286,0,57.5,70,50,45,45,71.6666666666667,70,60,70,0,0,0,75,0,183,"Full_backs"
172841,48036788,"Saïd Benrahma","Saïd  Benrahma",1995,8,10,27,172,67,22,"ALG",220621,"AMR",71.25,85,50,85,57.5,60,0,37.5,55,65,77.5,55,50,30,45,70,0,0,0,30,0,172,"Attacking_midfielders"
40669,43006340,"Angelo Ogbonna","Angelo  Ogbonna",1988,5,23,35,191,86,21,"ITA",183855,"DC",62.5,50,80,60,17.5,65,0,75,75,55,52.5,25,63.3333333333333,65,75,75,0,0,0,80,0,191,"Central_defenders"
204480,28106491,"Declan Rice","Declan  Rice",1999,1,14,24,185,84,41,"ENG",234378,"DC",71.25,70,65,70,45,72.8571428571429,0,60,75,75,62.5,45,81.6666666666667,85,65,85,0,0,0,85,0,185,"Central_defenders"
37096,718272,"Lukasz Fabianski","Lukasz  Fabianski",1985,4,18,38,190,83,1,"POL",164835,"GK",56.25,0,50,0,0,58.5714285714286,0,75,65,55,40,0,55,0,65,50,75,75,60,75,80,190,"Goalkeeper"
217593,67214613,"Pablo Fornals","Pablo  Fornals",1996,2,22,27,178,67,8,"ESP",226456,"MC",66.25,65,75,80,57.5,66.4285714285714,0,42.5,70,75,75,60,70,70,55,75,0,0,0,60,0,178,"Central_midfielders"
441024,28122327,"Harrison Ashby","Harrison  Ashby",2001,11,14,21,NA,NA,50,"SCO",258805,"DR",58.75,50,70,55,45,50.7142857142857,0,52.5,60,65,45,55,56.6666666666667,65,60,55,0,0,0,60,0,179,"Full_backs"
462384,28129876,"Jamal Baptiste","Jamal  Baptiste",2003,11,11,19,NA,NA,75,"ENG",261640,NA,0,0,0,0,0,0,0,0,0,0,0,0,0,0,0,0,0,0,0,0,0,0,NA
220585,29156436,"Flynn Downes","Flynn  Downes",1999,1,20,24,173,70,12,"ENG",240097,NA,0,0,0,0,0,0,0,0,0,0,0,0,0,0,0,0,0,0,0,0,0,0,NA
461079,28122326,"Keenan Appiah-Forson","Keenan  Appiah-Forson",2001,10,16,21,NA,NA,59,"ENG",261641,"DM",63.75,40,75,55,40,54.2857142857143,0,30,50,60,47.5,50,50,60,40,45,0,0,0,55,0,173,"Definsive_midfielders"
66975,62028856,"Luka Milivojevic","Luka  Milivojevic",1991,4,7,32,186,80,4,"c(""SRB"", ""SVK"")",206304,"DM",56.25,40,80,55,57.5,64.2857142857143,0,67.5,70,50,47.5,65,63.3333333333333,70,70,75,0,0,0,70,0,185,"Definsive_midfielders"
173954,37041918,"Jairo Riedewald","Jairo  Riedewald",1996,9,9,26,182,79,44,"NED",221269,"DL",66.25,55,40,65,42.5,57.1428571428571,0,52.5,65,65,57.5,30,56.6666666666667,65,75,65,0,0,0,60,0,182,"Full_backs"
427623,72051563,"Chris Richards","Chris  Richards",2000,3,28,23,188,87,26,"USA",250954,"DR",66.25,55,55,60,35,55,0,77.5,60,65,60,30,63.3333333333333,70,65,65,0,0,0,65,0,188,"Full_backs"
57328,28019851,"Nathaniel Clyne","Nathaniel  Clyne",1991,4,5,32,175,67,17,"ENG",190456,"DR",65,50,65,65,40,57.8571428571429,0,45,70,60,50,20,68.3333333333333,75,60,75,0,0,0,70,0,175,"Full_backs"
108413,29086005,"Will Hughes","Will James Hughes",1995,4,17,28,185,74,19,"ENG",206516,"DM",60,60,80,65,52.5,64.2857142857143,0,55,70,65,60,50,65,70,60,70,0,0,0,65,0,185,"Definsive_midfielders"
55494,28004100,"Joel Ward","Joel  Ward",1989,10,29,33,188,83,2,"ENG",186392,"DR",58.75,50,75,50,42.5,57.8571428571429,0,72.5,75,55,35,40,66.6666666666667,75,70,60,0,0,0,65,0,187,"Full_backs"
105666,28044979,"Jack Butland","Jack  Butland",1993,3,10,30,196,95,1,"ENG",203042,"GK",62.5,0,50,0,0,45,0,90,60,45,30,0,45,0,65,70,80,75,55,65,80,196,"Goalkeeper"
50471,5217388,"James McArthur","James  McArthur",1987,10,7,35,178,75,18,"SCO",171972,"DM",51.25,65,65,70,50,60.7142857142857,0,47.5,75,60,40,40,68.3333333333333,65,60,70,0,0,0,70,0,178,"Definsive_midfielders"
174874,27069975,"Joachim Andersen","Joachim  Andersen",1996,5,31,27,192,90,16,"DEN",224221,"DC",62.5,45,60,65,42.5,66.4285714285714,0,75,75,75,65,40,65,70,70,65,0,0,0,70,0,192,"Central_defenders"
86417,29045055,"Jeffrey Schlupp","Jeffrey  Schlupp",1992,12,23,30,178,72,15,"c(""GHA"", ""GER"")",200759,"MC",72.5,65,50,60,50,56.4285714285714,0,52.5,65,55,57.5,45,66.6666666666667,55,60,75,0,0,0,60,0,178,"Central_midfielders"
231747,49034219,"Jean-Philippe Mateta","Jean-Philippe  Mateta",1997,6,28,26,192,88,14,"FRA",236461,"ST",67.5,65,60,65,37.5,57.8571428571429,0,75,65,50,60,55,63.3333333333333,30,75,65,0,0,0,50,0,192,"Strikers"
49413,5129541,"James Tomkins","James Oliver Charles Tomkins",1989,3,29,34,192,74,5,"ENG",173546,"DC",47.5,45,65,55,25,55,0,80,70,50,35,20,60,70,70,60,0,0,0,70,0,192,"Central_defenders"
443661,29221846,"Michael Olise","Michael  Olise",2001,12,12,21,176,NA,7,"c(""FRA"", ""ENG"")",247827,"AMR",71.25,80,30,75,65,62.8571428571429,0,45,55,75,77.5,65,56.6666666666667,40,50,60,0,0,0,50,0,184,"Attacking_midfielders"
438464,13194021,"Cheick Oumar Doucouré","Cheick Oumar  Doucouré",2000,1,8,23,180,73,28,"MLI",242619,"DM",66.25,60,60,65,40,61.4285714285714,0,60,65,75,65,70,63.3333333333333,65,70,65,0,0,0,60,0,180,"Definsive_midfielders"
209036,28108033,"Marc Guéhi","Marc  Guéhi",2000,7,13,23,182,82,6,"c(""ENG"", ""CIV"")",241159,"DC",70,55,50,60,27.5,64.2857142857143,0,62.5,70,60,57.5,40,60,75,75,70,0,0,0,70,0,182,"Central_defenders"
82403,28051378,"Wilfried Zaha","Wilfried Armel Zaha",1992,11,10,30,180,66,11,"CIV",198717,"MR",76.25,85,65,70,47.5,65,0,45,60,55,70,70,55,30,65,75,0,0,0,40,0,182,"Side_midfielders"
244723,28111507,"Tyrick Mitchell","Tyrick  Mitchell",1999,9,1,23,NA,NA,3,"ENG",240947,"DL",77.5,65,75,60,55,60,0,50,65,70,60,40,70,85,60,70,0,0,0,70,0,175,"Full_backs"
199670,48036880,"Odsonne Édouard","Odsonne  Édouard",1998,1,16,25,187,83,22,"FRA",233866,"AML",70,70,45,65,40,57.1428571428571,0,62.5,65,55,57.5,55,56.6666666666667,40,70,70,0,0,0,40,0,187,"Attacking_midfielders"
101982,28037204,"Sam Johnstone","Sam Luke Johnstone",1993,3,25,30,193,85,21,"ENG",206075,"GK",56.25,0,45,0,0,48.5714285714286,0,85,60,45,32.5,0,58.3333333333333,0,55,50,70,85,60,75,80,193,"Goalkeeper"
40836,1510602,"Vicente Guaita","Vicente  Guaita",1987,1,10,36,190,81,13,"ESP",189690,"GK",57.5,0,45,0,0,55,0,80,65,60,37.5,0,48.3333333333333,0,65,70,65,80,60,80,75,190,"Goalkeeper"
80146,34010721,"Jordan Ayew","Jordan  Ayew",1991,9,11,31,182,80,9,"c(""GHA"", ""FRA"")",197756,"ML",68.75,70,70,70,37.5,52.8571428571429,0,55,65,55,55,50,65,70,65,85,0,0,0,55,0,182,"Side_midfielders"
232413,29156522,"Eberechi Eze","Eberechi  Eze",1998,6,29,25,NA,NA,10,"ENG",235794,"MC",67.5,85,40,70,67.5,68.5714285714286,0,35,65,70,77.5,65,56.6666666666667,30,70,60,0,0,0,40,0,178,"Central_midfielders"
232423,28116003,"Nathan Ferguson","Nathan  Ferguson",2000,10,6,22,178,74,36,"ENG",242752,"DR",56.25,60,55,60,42.5,51.4285714285714,0,57.5,65,55,50,40,60,70,70,60,0,0,0,65,0,178,"Full_backs"
110735,29080394,"Adam Webster","Adam Harry Webster",1995,1,4,28,191,75,4,"ENG",207616,"DC",65,65,60,65,27.5,62.8571428571429,0,72.5,70,70,52.5,35,58.3333333333333,75,65,70,0,0,0,70,0,190,"Central_defenders"
243016,14157184,"Alexis Mac Allister","Alexis  Mac Allister",1998,12,24,24,176,69,10,"ARG",239837,"DM",63.75,65,75,70,70,66.4285714285714,0,47.5,65,80,75,75,66.6666666666667,70,60,70,0,0,0,65,0,174,"Definsive_midfielders"
116216,18054004,"Leandro Trossard","Leandro  Trossard",1994,12,4,28,172,61,11,"BEL",207421,"WBL",67.5,75,65,70,65,64.2857142857143,0,27.5,60,70,72.5,65,56.6666666666667,20,45,65,0,0,0,45,0,172,"Full_backs"
109345,29090530,"Solly March","Solly Benjamin March",1994,7,20,29,180,88,7,"ENG",206594,"WBR",66.25,70,45,65,65,61.4285714285714,0,45,60,65,65,65,66.6666666666667,50,45,70,0,0,0,65,0,181,"Full_backs"
60307,92017376,"Pascal Groß","Pascal  Groß",1991,6,15,32,181,78,13,"GER",190765,"MC",55,55,65,70,85,68.5714285714286,0,52.5,65,75,70,70,71.6666666666667,50,55,75,0,0,0,65,0,181,"Central_midfielders"
49262,5108155,"Jason Steele","Jason  Steele",1990,8,18,32,188,79,23,"ENG",188836,"GK",60,0,45,0,0,45,0,80,45,40,27.5,0,38.3333333333333,0,55,65,65,65,40,60,80,194,"Goalkeeper"
50175,28010491,"Danny Welbeck","Danny Nii Tackie Mensah Welbeck",1990,11,26,32,185,73,18,"ENG",186146,"AMR",72.5,65,55,65,32.5,57.1428571428571,0,67.5,60,55,62.5,45,63.3333333333333,30,70,70,0,0,0,40,0,185,"Attacking_midfielders"
450434,91157307,"Deniz Undav","Deniz  Undav",1996,7,19,26,179,86,21,"GER",244176,"AMR",58.75,65,50,65,40,51.4285714285714,0,62.5,55,50,50,45,61.6666666666667,35,75,65,0,0,0,60,0,178,"Attacking_midfielders"
243568,61078265,"Billy Gilmour","Billy  Gilmour",2001,6,11,22,166,60,27,"SCO",245992,"DM",60,50,55,75,55,65.7142857142857,0,30,75,75,57.5,50,56.6666666666667,55,35,60,0,0,0,55,0,170,"Definsive_midfielders"
83299,29036189,"Lewis Dunk","Lewis  Dunk",1991,11,21,31,192,88,5,"ENG",199915,"DC",61.25,45,65,65,30,66.4285714285714,0,75,70,70,55,25,60,80,70,75,0,0,0,75,0,191,"Central_defenders"
111478,37024733,"Joël Veltman","Joël  Veltman",1992,1,15,31,184,75,34,"NED",208004,"DR",65,50,85,65,45,66.4285714285714,0,67.5,70,65,55,25,68.3333333333333,80,60,70,0,0,0,80,0,182,"Full_backs"
204214,86045976,"Pervis Estupiñán","Pervis  Estupiñán",1998,1,21,25,175,73,12,"ECU",237942,"DL",72.5,65,70,70,50,56.4285714285714,0,50,55,55,57.5,35,68.3333333333333,65,55,90,0,0,0,55,0,175,"Full_backs"
209288,29174499,"Thomas McGill","Thomas  McGill",2000,3,25,23,185,80,38,"ENG",243588,"GK",57.5,0,25,0,0,37.8571428571429,0,55,40,45,27.5,0,31.6666666666667,0,45,70,55,55,65,45,65,185,"Goalkeeper"
215059,29156212,"Robert Sánchez","Robert  Sánchez",1997,11,18,25,197,90,1,"ESP",228789,"GK",62.5,0,40,0,0,50,0,90,55,65,55,0,40,0,70,60,65,75,75,55,75,197,"Goalkeeper"
469142,37076335,"Jan Paul van Hecke","Jan Paul  van Hecke",2000,6,8,23,NA,NA,29,"NED",258908,"DC",61.25,55,85,55,20,54.2857142857143,0,75,55,60,47.5,15,53.3333333333333,85,70,70,0,0,0,70,0,189,"Central_defenders"
39155,5125012,"Adam Lallana","Adam David Lallana",1988,5,10,35,172,73,14,"ENG",180819,"DM",58.75,80,55,80,60,75.7142857142857,0,30,75,75,77.5,35,71.6666666666667,45,45,55,0,0,0,55,0,173,"Definsive_midfielders"
232792,28112993,"Tariq Lamptey","Tariq  Lamptey",2000,9,30,22,163,55,2,"c(""GHA"", ""ENG"")",242418,"DR",77.5,70,50,60,42.5,55,0,22.5,60,60,57.5,35,55,55,30,70,0,0,0,45,0,164,"Full_backs"
243505,96086697,"Jakub Moder","Jakub  Moder",1999,4,7,24,188,78,15,"POL",239778,"DM",60,55,45,65,57.5,63.5714285714286,0,60,65,65,65,70,68.3333333333333,60,65,70,0,0,0,65,0,188,"Definsive_midfielders"
460028,28124573,"Levi Colwill","Levi Lemar Samuels Colwill",2003,2,26,20,187,NA,6,"ENG",262859,"DL",70,55,50,50,40,54.2857142857143,0,67.5,55,60,47.5,10,56.6666666666667,65,60,65,0,0,0,65,0,187,"Full_backs"
440123,52098181,"James Furlong","James  Furlong",2002,6,7,21,NA,NA,54,"IRL",248569,"DL",60,50,35,60,40,52.1428571428571,0,55,60,55,40,30,60,70,35,55,0,0,0,55,0,178,"Full_backs"
461046,28126164,"Antef Tsoungui","Antef  Tsoungui",2002,12,30,20,NA,NA,46,"ENG",264121,NA,0,0,0,0,0,0,0,0,0,0,0,0,0,0,0,0,0,0,0,0,0,0,NA
513834,52101143,"Andrew Moran","Andrew  Moran",2003,10,15,19,NA,NA,59,"IRL",264120,NA,0,0,0,0,0,0,0,0,0,0,0,0,0,0,0,0,0,0,0,0,0,0,NA
445548,28126165,"Odeluga Offiah","Odeluga Joshua Offiah",2002,10,26,20,NA,NA,57,"ENG",264141,NA,0,0,0,0,0,0,0,0,0,0,0,0,0,0,0,0,0,0,0,0,0,0,NA
451340,45111891,"Kaoru Mitoma","Kaoru  Mitoma",1997,5,20,26,178,72,22,"JPN",255565,"MR",75,70,50,70,50,54.2857142857143,0,42.5,45,55,65,45,55,40,35,60,0,0,0,35,0,178,"Side_midfielders"
448496,28126168,"Ed Turns","Ed  Turns",2002,10,18,20,NA,NA,43,"WAL",263901,NA,0,0,0,0,0,0,0,0,0,0,0,0,0,0,0,0,0,0,0,0,0,0,NA
441192,83262111,"Jeremy Sarmiento","Jeremy  Sarmiento",2002,6,16,21,178,72,19,"c(""ECU"", ""ESP"")",263522,NA,0,0,0,0,0,0,0,0,0,0,0,0,0,0,0,0,0,0,0,0,0,0,NA
448514,49047581,"Rayan Aït-Nouri","Rayan  Aït-Nouri",2001,6,6,22,179,70,3,"FRA",242641,"DL",66.25,75,55,70,62.5,60,0,52.5,65,65,70,45,66.6666666666667,70,55,65,0,0,0,70,0,180,"Full_backs"
214048,29142052,"Maximilian Kilman","Maximilian  Kilman",1997,5,23,26,NA,NA,23,"ENG",245336,"DC",65,65,35,65,37.5,58.5714285714286,0,77.5,75,70,62.5,35,58.3333333333333,70,70,65,0,0,0,60,0,194,"Central_defenders"
247632,29179717,"Pedro Neto","Pedro Neto",2000,3,9,23,172,69,7,"POR",238616,"AMR",75,85,45,65,65,53.5714285714286,0,35,45,65,72.5,60,50,15,35,60,0,0,0,30,0,172,"Attacking_midfielders"
200600,55063406,"Daniel Podence","Daniel Podence",1995,10,21,27,165,58,10,"POR",226766,"AMR",78.75,85,75,80,62.5,54.2857142857143,0,17.5,55,65,77.5,40,46.6666666666667,25,25,70,0,0,0,30,0,165,"Attacking_midfielders"
102057,51013463,"Raúl Jiménez","Raúl  Jiménez",1991,5,5,32,190,76,9,"MEX",204838,"ST",67.5,70,85,60,42.5,58.5714285714286,0,77.5,65,65,55,65,66.6666666666667,45,65,70,0,0,0,50,0,190,"Strikers"
200402,55061470,"Nélson Semedo","Nélson Semedo",1993,11,16,29,177,67,22,"POR",227928,"DR",80,75,65,75,50,56.4285714285714,0,37.5,70,60,65,50,68.3333333333333,70,65,75,0,0,0,60,0,177,"Full_backs"
184754,66014588,"Hwang Hee-Chan","Hwang Hee-Chan",1996,1,26,27,177,77,11,"KOR",226380,"MR",70,70,80,50,45,57.8571428571429,0,55,60,55,60,50,63.3333333333333,40,60,70,0,0,0,45,0,177,"Side_midfielders"
432830,28117372,"Nathan Collins","Nathan  Collins",2001,4,30,22,193,NA,4,"IRL",248484,NA,0,0,0,0,0,0,0,0,0,0,0,0,0,0,0,0,0,0,0,0,0,0,NA
476502,12083693,"Boubacar Traoré","Boubacar  Traoré",2001,8,20,21,183,67,6,"MLI",252975,"DM",61.25,60,65,65,35,60,0,60,70,65,57.5,65,60,55,60,60,0,0,0,50,0,183,"Definsive_midfielders"
429414,16197824,"Sasa Kalajdzic","Sasa  Kalajdzic",1997,7,7,26,200,93,9,"AUT",239901,"AMC",56.25,65,55,70,40,67.1428571428571,0,87.5,65,65,70,55,60,35,75,65,0,0,0,35,0,200,"Attacking_midfielders"
171317,55070307,"Rúben Neves","Rúben Neves",1997,3,13,26,180,80,8,"POR",224293,"DM",62.5,65,65,70,67.5,72.1428571428571,0,50,75,85,70,75,66.6666666666667,65,55,65,0,0,0,70,0,180,"Definsive_midfielders"
461026,28127368,"Chem Campbell","Chem  Campbell",2002,12,30,20,NA,NA,77,"WAL",254113,"MR",67.5,65,70,65,45,47.1428571428571,0,35,40,45,57.5,60,48.3333333333333,40,30,50,0,0,0,35,0,180,"Side_midfielders"
19624,744539,"João Moutinho","João Moutinho",1986,9,8,36,170,61,28,"POR",162347,"DM",60,75,70,80,67.5,75.7142857142857,0,37.5,80,85,80,65,71.6666666666667,65,50,70,0,0,0,70,0,170,"Definsive_midfielders"
141569,19143371,"Léo Bonatini","Léo Bonatini",1994,3,28,29,185,80,33,"BRA",220685,"ST",60,60,55,65,35,60.7142857142857,0,60,70,60,60,50,61.6666666666667,30,65,65,0,0,0,40,0,185,"Strikers"
181284,55041710,"Gonçalo Guedes","Gonçalo Guedes",1996,11,29,26,179,68,17,"POR",224411,"MR",77.5,70,60,60,57.5,57.8571428571429,0,45,65,65,70,75,61.6666666666667,35,60,75,0,0,0,60,0,179,"Side_midfielders"
465351,83188780,"Matheus Nunes","Matheus Nunes",1998,8,27,24,184,78,8,"c(""POR"", ""BRA"")",253124,"MC",72.5,75,75,70,65,66.4285714285714,0,55,65,70,72.5,70,73.3333333333333,55,70,80,0,0,0,70,0,184,"Central_midfielders"
149065,55038655,"José Sá","José Sá",1993,1,17,30,192,84,1,"POR",212442,"GK",56.25,0,45,0,0,56.4285714285714,0,65,75,45,35,0,55,0,60,65,75,70,65,70,80,192,"Goalkeeper"
58621,28009441,"Kyle Walker","Kyle Andrew Walker",1990,5,28,33,178,80,2,"ENG",188377,"DR",86.25,70,65,65,47.5,62.8571428571429,0,60,80,65,57.5,40,70,65,65,85,0,0,0,70,0,178,"Full_backs"
121145,55041623,"João Cancelo","João Cancelo",1994,5,27,29,182,74,7,"POR",210514,"DR",78.75,80,60,75,70,66.4285714285714,0,52.5,70,80,82.5,60,66.6666666666667,65,60,70,0,0,0,65,0,182,"Full_backs"
461358,14183207,"Julián Álvarez","Julián  Álvarez",2000,1,31,23,170,71,19,"ARG",246191,"AMR",71.25,65,55,80,62.5,63.5714285714286,0,42.5,65,65,75,75,61.6666666666667,40,55,75,0,0,0,40,0,170,"Attacking_midfielders"
17601,5109668,"Scott Carson","Scott  Carson",1985,9,3,37,188,85,33,"ENG",157804,"GK",55,0,55,0,0,49.2857142857143,0,70,55,40,25,0,41.6666666666667,0,75,60,70,70,50,60,65,190,"Goalkeeper"
61366,18004457,"Kevin De Bruyne","Kevin  De Bruyne",1991,6,28,32,181,68,17,"BEL",192985,"MC",72.5,75,60,80,82.5,79.2857142857143,0,40,70,90,85,85,65,45,65,85,0,0,0,55,0,181,"Central_midfielders"
165809,55041632,"Bernardo Silva","Bernardo Silva",1994,8,10,28,173,64,20,"POR",218667,"MC",81.25,85,65,85,72.5,77.1428571428571,0,42.5,80,85,85,65,76.6666666666667,40,45,85,0,0,0,65,0,173,"Central_midfielders"
97299,28060397,"John Stones","John  Stones",1994,5,28,29,188,80,5,"ENG",203574,"DC",72.5,65,65,70,32.5,71.4285714285714,0,75,75,80,70,25,76.6666666666667,80,75,80,0,0,0,80,0,188,"Central_defenders"
59859,91003875,"Ilkay Gündogan","Ilkay  Gündogan",1990,10,24,32,180,80,8,"GER",186942,"DM",70,70,75,85,52.5,71.4285714285714,0,42.5,85,80,72.5,60,73.3333333333333,65,65,80,0,0,0,60,0,180,"Definsive_midfielders"
126184,37025551,"Nathan Aké","Nathan  Aké",1995,2,18,28,180,75,6,"NED",208920,"DL",73.75,65,60,70,30,65,0,67.5,75,70,50,50,56.6666666666667,75,75,75,0,0,0,75,0,180,"Full_backs"
146941,85085378,"Aymeric Laporte","Aymeric  Laporte",1994,5,27,29,189,86,14,"c(""ESP"", ""FRA"")",212218,"DC",70,65,65,75,47.5,74.2857142857143,0,80,80,80,70,55,71.6666666666667,75,70,75,0,0,0,80,0,191,"Central_defenders"
211975,98031331,"Manuel Akanji","Manuel Obafemi Akanji",1995,7,19,28,186,91,16,"SUI",229237,"DC",70,55,65,65,30,65.7142857142857,0,70,75,65,55,55,60,80,85,70,0,0,0,65,0,187,"Central_defenders"
155405,29113879,"Kalvin Phillips","Kalvin  Phillips",1995,12,2,27,178,72,4,"ENG",224081,"DM",72.5,55,80,65,62.5,63.5714285714286,0,55,75,75,62.5,55,68.3333333333333,80,70,85,0,0,0,75,0,178,"Definsive_midfielders"
103025,85078058,"Riyad Mahrez","Riyad  Mahrez",1991,2,21,32,179,67,26,"c(""ALG"", ""FRA"")",204485,"ML",75,85,30,100,75,67.1428571428571,0,42.5,65,80,82.5,65,55,40,40,70,0,0,0,25,0,179,"Side_midfielders"
114283,28067800,"Jack Grealish","Jack  Grealish",1995,9,10,27,175,76,10,"ENG",206517,"MR",75,85,55,75,72.5,67.8571428571429,0,45,65,70,75,65,63.3333333333333,45,70,70,0,0,0,55,0,175,"Side_midfielders"
437468,67258414,"Sergio Gómez","Sergio  Gómez",2000,9,4,22,171,68,21,"ESP",241811,"DL",66.25,65,35,80,80,60.7142857142857,0,27.5,50,75,77.5,55,63.3333333333333,45,40,65,0,0,0,60,0,171,"Full_backs"
171314,55070299,"Rúben Dias","Rúben Dias",1997,5,14,26,186,76,3,"POR",239818,"DC",71.25,60,80,65,37.5,72.1428571428571,0,77.5,85,70,55,20,68.3333333333333,90,80,90,0,0,0,85,0,186,"Central_defenders"
209244,28108494,"Phil Foden","Phil  Foden",2000,5,28,23,171,70,47,"ENG",237692,"AMR",77.5,85,35,85,65,70,0,37.5,70,85,82.5,60,65,40,45,75,0,0,0,45,0,171,"Attacking_midfielders"
244851,28120042,"Cole Palmer","Cole Jermaine Palmer",2002,5,6,21,182,NA,80,"ENG",257534,NA,0,0,0,0,0,0,0,0,0,0,0,0,0,0,0,0,0,0,0,0,0,0,NA
244932,28121463,"Ben Knight","Ben  Knight",2002,6,14,21,NA,NA,96,"ENG",263955,NA,0,0,0,0,0,0,0,0,0,0,0,0,0,0,0,0,0,0,0,0,0,0,NA
447880,28127192,"Josh Wilson-Esbrand","Josh  Wilson-Esbrand",2002,12,26,20,NA,NA,97,"ENG",264681,NA,0,0,0,0,0,0,0,0,0,0,0,0,0,0,0,0,0,0,0,0,0,0,NA
223094,29179241,"Erling Haaland","Erling  Haaland",2000,7,21,22,194,88,9,"c(""NOR"", ""ENG"")",239085,"ST",88.75,70,65,80,42.5,76.4285714285714,0,82.5,90,65,72.5,65,63.3333333333333,35,85,70,0,0,0,35,0,195,"Strikers"
232980,29173977,"Max Aarons","Max James Aarons",2000,1,4,23,178,69,2,"ENG",240060,"DR",75,70,40,65,35,57.8571428571429,0,40,70,60,57.5,35,65,70,50,75,0,0,0,60,0,169,"Full_backs"
215476,92092175,"Josh Sargent","Josh Thomas Sargent",2000,2,20,23,185,79,24,"USA",242075,"AMR",66.25,50,75,65,30,54.2857142857143,0,70,50,50,50,45,63.3333333333333,30,65,75,0,0,0,35,0,185,"Attacking_midfielders"
171270,28098206,"Kieran Dowell","Kieran  Dowell",1997,10,10,25,175,70,10,"ENG",226401,"MC",57.5,75,35,70,67.5,65,0,47.5,70,75,72.5,70,55,35,45,65,0,0,0,30,0,186,"Central_midfielders"
465276,29219001,"Sam McCallum","Sam  McCallum",2000,9,2,22,NA,NA,15,"ENG",246155,"DL",68.75,50,65,50,55,48.5714285714286,0,67.5,60,50,37.5,55,56.6666666666667,65,60,70,0,0,0,55,0,184,"Full_backs"
153127,28067790,"Isaac Hayden","Isaac  Hayden",1995,3,22,28,185,79,8,"ENG",206115,"DM",63.75,55,70,60,37.5,60,0,60,75,60,50,50,68.3333333333333,70,60,75,0,0,0,70,0,185,"Definsive_midfielders"
83312,28043665,"Ben Gibson","Ben Gibson",1993,1,15,30,185,78,6,"ENG",200408,"DC",60,45,65,55,25,58.5714285714286,0,70,65,60,47.5,55,65,80,65,70,0,0,0,70,0,186,"Central_defenders"
235546,27112260,"Jacob Sørensen","Jacob  Sørensen",1998,3,3,25,NA,NA,19,"DEN",233705,"DL",53.75,50,75,60,32.5,60,0,65,70,75,55,55,71.6666666666667,65,75,70,0,0,0,75,0,184,"Full_backs"
20480,859596,"Tim Krul","Tim Krul",1988,4,3,35,188,84,1,"NED",170597,"GK",56.25,0,55,0,0,50.7142857142857,0,85,60,45,27.5,0,46.6666666666667,0,50,70,75,70,65,75,75,194,"Goalkeeper"
432735,29190795,"Adam Idah","Adam  Idah",2001,2,11,22,190,83,11,"IRL",244288,NA,0,0,0,0,0,0,0,0,0,0,0,0,0,0,0,0,0,0,0,0,0,0,NA
18499,5204730,"Michael McGovern","Michael  McGovern",1984,7,12,39,191,89,33,"NIR",163201,"GK",52.5,0,35,0,0,50,0,60,60,35,20,0,58.3333333333333,0,70,75,65,60,45,60,70,188,"Goalkeeper"
107265,28084714,"Angus Gunn","Angus Fraser James Gunn",1996,1,22,27,196,77,28,"ENG",216325,"GK",52.5,0,40,0,0,49.2857142857143,0,75,60,60,35,0,36.6666666666667,0,55,60,65,75,70,60,70,196,"Goalkeeper"
113564,28059134,"Sam Byram","Sam Byram",1993,9,16,29,180,72,3,"ENG",208892,"DR",63.75,60,55,65,42.5,59.2857142857143,0,57.5,60,65,62.5,40,65,70,50,65,0,0,0,65,0,181,"Full_backs"
78607,61014825,"Kenny McLean","Kenny  McLean",1992,1,8,31,183,70,23,"SCO",201368,"DM",61.25,60,45,65,60,63.5714285714286,0,60,65,70,67.5,65,73.3333333333333,50,60,70,0,0,0,65,0,183,"Definsive_midfielders"
83428,28027432,"Grant Hanley","Grant  Hanley",1991,11,20,31,187,81,5,"SCO",198904,"DC",57.5,40,80,45,30,56.4285714285714,0,77.5,70,50,45,30,65,75,85,70,0,0,0,70,0,191,"Central_defenders"
57127,8507078,"Teemu Pukki","Teemu  Pukki",1990,3,29,33,180,75,22,"FIN",190362,"ST",70,60,70,70,45,60,0,47.5,75,60,55,55,65,30,65,65,0,0,0,25,0,180,"Strikers"
189627,36078574,"Dimitris Giannoulis","Dimitris  Giannoulis",1995,10,17,27,175,62,30,"GRE",236457,"DL",77.5,65,70,65,57.5,53.5714285714286,0,37.5,60,60,52.5,40,58.3333333333333,50,40,80,0,0,0,45,0,178,"Full_backs"
466404,29218111,"Andrew Omobamidele","Andrew  Omobamidele",2002,6,23,21,188,NA,4,"IRL",261647,NA,0,0,0,0,0,0,0,0,0,0,0,0,0,0,0,0,0,0,0,0,0,0,NA
497605,29233183,"Liam Gibbs","Liam  Gibbs",2002,12,16,20,NA,NA,46,"ENG",256620,"DM",57.5,55,60,60,55,56.4285714285714,0,40,60,70,50,45,58.3333333333333,50,45,65,0,0,0,40,0,178,"Definsive_midfielders"
217245,29198448,"Danel Sinani","Danel  Sinani",1997,4,5,26,185,NA,21,"LUX",258626,NA,0,0,0,0,0,0,0,0,0,0,0,0,0,0,0,0,0,0,0,0,0,0,NA
483365,28127273,"Jonathan Rowe","Jonathan  Rowe",2003,4,30,20,173,NA,27,"ENG",266500,NA,0,0,0,0,0,0,0,0,0,0,0,0,0,0,0,0,0,0,0,0,0,0,NA
451310,28127263,"Jonathan Tomkinson","Jonathan  Tomkinson",2002,4,11,21,NA,NA,45,"USA",266147,NA,0,0,0,0,0,0,0,0,0,0,0,0,0,0,0,0,0,0,0,0,0,0,NA
131304,28060183,"William Troost-Ekong","William  Troost-Ekong",1993,9,1,29,191,82,5,"c(""NGA"", ""NED"")",213414,"DC",61.25,25,70,50,15,55.7142857142857,0,70,70,40,35,35,60,70,75,70,0,0,0,70,0,191,"Central_defenders"
40387,29007273,"Dan Gosling","Dan  Gosling",1990,2,1,33,183,79,16,"ENG",184749,"MC",58.75,55,75,65,37.5,59.2857142857143,0,50,65,65,42.5,55,66.6666666666667,70,60,75,0,0,0,65,0,181,"Central_midfielders"
85624,18023431,"Christian Kabasele","Christian  Kabasele",1991,2,24,32,187,84,27,"c(""BEL"", ""COD"")",190324,"DC",66.25,45,60,60,35,52.8571428571429,0,72.5,70,50,45,60,61.6666666666667,60,75,60,0,0,0,65,0,188,"Central_defenders"
232185,48042766,"Ismaïla Sarr","Ismaïla  Sarr",1998,2,25,25,185,76,23,"SEN",235353,"AMR",77.5,75,55,60,55,56.4285714285714,0,47.5,60,60,65,75,51.6666666666667,35,65,70,0,0,0,35,0,185,"Attacking_midfielders"
43250,28000906,"Tom Cleverley","Tom William Cleverley",1989,8,12,33,175,67,8,"ENG",189725,"MC",67.5,50,70,65,65,62.1428571428571,0,32.5,60,65,52.5,60,65,60,40,75,0,0,0,50,0,175,"Central_midfielders"
38038,5119981,"Ben Hamer","Ben John Hamer",1987,11,20,35,192,91,26,"ENG",170008,"GK",51.25,0,25,0,0,52.8571428571429,0,80,60,40,37.5,0,46.6666666666667,0,75,40,50,60,65,60,65,192,"Goalkeeper"
175353,28108496,"Tom Dele-Bashiru","Tom Dele-Bashiru",1999,9,17,23,183,68,24,"c(""NGA"", ""ENG"")",233048,"DM",67.5,50,50,55,50,46.4285714285714,0,47.5,45,60,57.5,60,45,35,65,60,0,0,0,40,0,185,"Definsive_midfielders"
471471,48038017,"Imrân Louza","Imrân  Louza",1999,5,1,24,178,65,6,"c(""MAR"", ""FRA"")",242794,"MC",60,65,55,75,57.5,64.2857142857143,0,40,65,70,65,60,68.3333333333333,40,55,65,0,0,0,65,0,178,"Central_midfielders"
492443,91184334,"Maduka Okoye","Maduka  Okoye",1999,8,28,23,197,94,35,"c(""NGA"", ""GER"")",257288,"GK",58.75,0,40,0,0,47.8571428571429,0,80,55,35,42.5,0,35,0,80,60,70,65,75,55,75,197,"Goalkeeper"
154506,16045707,"Daniel Bachmann","Daniel  Bachmann",1994,7,9,29,191,81,1,"AUT",209532,"GK",50,0,55,0,0,52.1428571428571,0,75,55,50,37.5,0,41.6666666666667,0,70,50,75,60,50,55,75,191,"Goalkeeper"
41338,28000905,"Craig Cathcart","Craig  Cathcart",1989,2,6,34,188,73,15,"NIR",180706,"DR",57.5,40,55,60,17.5,53.5714285714286,0,70,70,55,40,20,65,70,65,75,0,0,0,80,0,188,"Full_backs"
123354,29085910,"Kortney Hause","Kortney Paul Duncan Hause",1995,7,16,28,191,77,30,"ENG",210635,"DL",67.5,50,70,55,27.5,55.7142857142857,0,72.5,65,65,50,25,65,70,75,75,0,0,0,65,0,188,"Full_backs"
197469,28100205,"Hamza Choudhury","Hamza  Choudhury",1997,10,1,25,178,64,4,"ENG",228332,"DM",66.25,55,85,60,37.5,60,0,52.5,75,65,60,45,55,80,60,85,0,0,0,50,0,178,"Definsive_midfielders"
475168,19371552,"João Pedro","João Pedro",2001,9,26,21,182,70,10,"BRA",252042,"AMR",68.75,70,75,75,55,62.1428571428571,0,50,65,60,67.5,60,55,35,70,55,0,0,0,35,0,182,"Attacking_midfielders"
76610,67066949,"Mario Gaspar","Mario Gaspar",1990,11,24,32,182,74,3,"ESP",192789,"DR",58.75,60,65,60,52.5,62.8571428571429,0,40,75,60,52.5,45,70,80,50,65,0,0,0,70,0,182,"Full_backs"
157775,93023836,"Ken Sema","Ken  Sema",1993,9,30,29,180,69,12,"SWE",213750,"WBL",66.25,70,65,60,67.5,57.8571428571429,0,42.5,55,55,57.5,60,65,55,75,70,0,0,0,55,0,180,"Full_backs"
232391,28116533,"Jeremy Ngakia","Jeremy  Ngakia",2000,9,7,22,NA,NA,2,"ENG",247623,"DR",70,65,60,55,42.5,52.8571428571429,0,45,50,60,60,50,61.6666666666667,65,60,70,0,0,0,60,0,183,"Full_backs"
208973,75037516,"Francisco Sierralta","Francisco  Sierralta",1997,5,6,26,190,83,31,"CHI",228681,"DR",61.25,35,75,50,30,52.8571428571429,0,80,50,50,37.5,35,55,70,75,70,0,0,0,65,0,192,"Full_backs"
194827,43130944,"Rey Manaj","Rey  Manaj",1997,2,24,26,182,76,9,"ALB",230800,"ST",61.25,65,75,65,40,55,0,62.5,60,55,57.5,60,50,35,65,60,0,0,0,30,0,182,"Strikers"
168399,28085170,"Will Norris","Will  Norris",1993,8,12,29,195,74,25,"ENG",223082,"GK",50,0,55,0,0,46.4285714285714,0,65,60,40,32.5,0,48.3333333333333,0,60,65,60,70,65,60,65,191,"Goalkeeper"
60551,29000899,"Ashley Westwood","Ashley  Westwood",1990,4,1,33,175,80,18,"ENG",189280,"DM",60,45,65,70,65,65,0,45,70,70,50,50,63.3333333333333,70,40,75,0,0,0,70,0,170,"Definsive_midfielders"
40145,5007409,"Jack Cork","Jack Frank Porteous Cork",1989,6,25,34,183,70,4,"ENG",169706,"DM",62.5,60,70,60,42.5,63.5714285714286,0,62.5,65,60,57.5,55,71.6666666666667,70,60,80,0,0,0,70,0,185,"Definsive_midfielders"
103914,28059140,"Charlie Taylor","Charlie James Taylor",1993,9,18,29,176,70,3,"ENG",204760,"DL",71.25,60,50,70,67.5,53.5714285714286,0,55,60,60,57.5,45,70,75,65,75,0,0,0,75,0,181,"Full_backs"
68983,152936,"Matthew Lowton","Matthew  Lowton",1989,6,9,34,180,78,2,"ENG",199633,"DR",62.5,60,65,65,47.5,60.7142857142857,0,57.5,60,65,57.5,60,71.6666666666667,65,65,70,0,0,0,70,0,181,"Full_backs"
44683,5128651,"Jay Rodríguez","Jay Enrique Rodríguez",1989,1,29,34,185,84,9,"ENG",169792,"MR",63.75,60,65,65,27.5,60,0,65,65,60,65,65,60,50,65,60,0,0,0,40,0,186,"Side_midfielders"
220037,29141886,"Bailey Peacock-Farrell","Bailey  Peacock-Farrell",1996,10,29,26,193,73,15,"NIR",229091,"GK",51.25,0,20,0,0,42.8571428571429,0,80,70,45,27.5,0,33.3333333333333,0,55,55,80,60,70,45,70,193,"Goalkeeper"
41674,52028065,"Kevin Long","Kevin Finbarr Long",1990,8,18,32,188,83,28,"IRL",194146,"DR",55,40,85,55,20,47.8571428571429,0,80,40,50,45,30,56.6666666666667,70,85,75,0,0,0,65,0,188,"Full_backs"
172782,29110715,"Josh Brownhill","Josh  Brownhill",1995,12,19,27,180,69,8,"ENG",220659,"DM",65,65,65,65,62.5,60.7142857142857,0,50,65,75,67.5,60,68.3333333333333,65,50,80,0,0,0,60,0,178,"Definsive_midfielders"
434662,37071106,"Halil Dervisoglu","Halil Ibrahim Dervisoglu",1999,12,8,23,183,76,30,"c(""TUR"", ""NED"")",250807,"AMR",62.5,75,45,85,40,59.2857142857143,0,52.5,60,65,75,55,51.6666666666667,25,55,55,0,0,0,35,0,183,"Attacking_midfielders"
226473,29158801,"Scott Twine","Scott  Twine",1999,7,14,24,174,NA,11,"ENG",237619,"AML",66.25,70,35,70,50,60,0,32.5,50,70,70,75,56.6666666666667,35,35,65,0,0,0,35,0,174,"Attacking_midfielders"
44699,28016057,"Ashley Barnes","Ashley  Barnes",1989,10,30,33,186,77,10,"ENG",186905,"AML",62.5,40,90,65,37.5,55,0,70,65,65,50,55,70,50,75,60,0,0,0,55,0,186,"Attacking_midfielders"
241231,91172542,"Jordan Beyer","Jordan  Beyer",2000,5,19,23,187,80,15,"GER",242660,"DR",61.25,60,65,55,30,57.1428571428571,0,65,60,65,60,30,63.3333333333333,80,70,65,0,0,0,65,0,187,"Full_backs"
192290,28087373,"Connor Roberts","Connor Richard Jones Roberts",1995,9,23,27,175,72,14,"WAL",225147,"DR",70,40,70,60,62.5,57.1428571428571,0,47.5,60,60,57.5,40,70,65,45,90,0,0,0,60,0,175,"Full_backs"
172567,28087685,"Josh Cullen","Josh  Cullen",1996,4,7,27,175,70,24,"c(""IRL"", ""ENG"")",228151,"DM",63.75,60,40,65,52.5,61.4285714285714,0,42.5,70,70,57.5,35,70,70,50,85,0,0,0,70,0,175,"Definsive_midfielders"
189776,18072298,"Samuel Bastien","Samuel  Bastien",1996,9,26,26,175,75,26,"c(""COD"", ""BEL"")",223926,NA,0,0,0,0,0,0,0,0,0,0,0,0,0,0,0,0,0,0,0,0,0,0,NA
203389,28106683,"Nathan Tella","Nathan  Tella",1999,7,5,24,NA,NA,23,"ENG",237328,NA,0,0,0,0,0,0,0,0,0,0,0,0,0,0,0,0,0,0,0,0,0,0,NA
232917,28108492,"Arijanet Muric","Arijanet  Muric",1998,11,7,24,198,81,49,"c(""KOS"", ""SUI"")",233164,"GK",58.75,0,80,0,0,50.7142857142857,0,90,70,60,35,0,45,0,65,30,70,60,40,60,75,198,"Goalkeeper"
250735,91178617,"Darko Churlinov","Darko  Churlinov",2000,7,11,23,171,73,17,"MKD",251545,"MR",70,75,80,60,42.5,55.7142857142857,0,37.5,60,60,70,50,51.6666666666667,50,45,60,0,0,0,40,0,180,"Side_midfielders"
493347,43425143,"Denis Franchi","Denis  Franchi",2002,10,22,20,NA,NA,20,"ITA",261892,"GK",52.5,0,40,0,0,38.5714285714286,0,70,25,65,40,0,30,0,60,10,60,60,60,45,70,189,"Goalkeeper"
441302,28121372,"Ian Maatsen","Ian  Maatsen",2002,3,10,21,167,57,29,"NED",248465,"DL",70,55,35,55,57.5,45.7142857142857,0,35,45,55,57.5,50,50,50,35,75,0,0,0,55,0,167,"Full_backs"
461567,28127213,"Owen Dodgson","Owen  Dodgson",2003,3,19,20,NA,NA,39,"ENG",264505,"DL",55,50,25,40,20,44.2857142857143,0,37.5,50,55,42.5,25,48.3333333333333,60,30,60,0,0,0,55,0,178,"Full_backs"
432711,28126245,"CJ Egan-Riley","CJ Egan-Riley",2003,1,2,20,NA,NA,6,"ENG",268131,NA,0,0,0,0,0,0,0,0,0,0,0,0,0,0,0,0,0,0,0,0,0,0,NA
154131,28086122,"Jack Stacey","Jack William Stacey",1996,4,6,27,180,62,17,"ENG",221282,"DR",73.75,60,40,55,55,54.2857142857143,0,47.5,55,50,50,55,58.3333333333333,65,60,85,0,0,0,55,0,181,"Full_backs"
81012,28049316,"Ryan Fredericks","Ryan  Fredericks",1992,10,10,30,181,74,2,"ENG",205346,"DR",77.5,70,70,45,47.5,56.4285714285714,0,45,60,60,65,35,60,65,45,65,0,0,0,50,0,181,"Full_backs"
156685,28066821,"Joe Rothwell","Joe Matthew Rothwell",1995,1,11,28,185,77,14,"ENG",213693,"MC",77.5,75,40,65,57.5,53.5714285714286,0,40,55,55,62.5,55,61.6666666666667,55,55,60,0,0,0,45,0,185,"Central_midfielders"
444172,28110718,"Will Dennis","Will  Dennis",2000,7,10,23,NA,NA,40,"ENG",243048,NA,0,0,0,0,0,0,0,0,0,0,0,0,0,0,0,0,0,0,0,0,0,0,NA
152551,76038475,"Jefferson Lerma","Jefferson  Lerma",1994,10,25,28,179,70,8,"COL",213991,"DM",68.75,55,70,60,47.5,59.2857142857143,0,60,75,65,55,65,63.3333333333333,80,70,75,0,0,0,65,0,179,"Definsive_midfielders"
229600,52080573,"Mark Travers","Mark  Travers",1999,5,18,24,191,82,1,"IRL",232284,NA,0,0,0,0,0,0,0,0,0,0,0,0,0,0,0,0,0,0,0,0,0,0,NA
128309,29085571,"Jamal Lowe","Jamal  Lowe",1994,7,21,29,183,79,18,"c(""JAM"", ""ENG"")",211384,"AMR",70,70,50,60,47.5,54.2857142857143,0,47.5,60,55,65,60,50,30,65,75,0,0,0,40,0,183,"Attacking_midfielders"
133845,27088214,"Emiliano Marcondes","Emiliano  Marcondes",1995,3,9,28,182,68,11,"DEN",210644,"MC",62.5,70,65,70,60,59.2857142857143,0,42.5,70,65,72.5,65,43.3333333333333,20,40,60,0,0,0,25,0,182,"Central_midfielders"
111317,28095352,"David Brooks","David  Brooks",1997,7,8,26,173,62,7,"c(""WAL"", ""ENG"")",220196,"ML",70,75,30,70,50,62.8571428571429,0,35,70,70,80,40,58.3333333333333,45,35,60,0,0,0,40,0,173,"Side_midfielders"
235530,29158244,"Lloyd Kelly","Lloyd  Kelly",1998,10,6,24,178,70,5,"ENG",231512,NA,0,0,0,0,0,0,0,0,0,0,0,0,0,0,0,0,0,0,0,0,0,0,NA
223911,29134274,"Chris Mepham","Chris James Mepham",1997,11,5,25,193,88,6,"c(""WAL"", ""ENG"")",233201,"DC",57.5,55,60,60,22.5,58.5714285714286,0,72.5,70,65,47.5,20,56.6666666666667,70,75,65,0,0,0,70,0,191,"Central_defenders"
154566,29125191,"Dominic Solanke","Dominic Ayodele Solanke",1997,9,14,25,187,80,9,"ENG",225539,"ST",71.25,60,65,70,37.5,55,0,65,65,55,57.5,50,63.3333333333333,40,70,65,0,0,0,45,0,187,"Strikers"
156687,28066818,"Ben Pearson","Ben  Pearson",1995,1,4,28,176,71,22,"ENG",213689,"DM",56.25,45,85,70,40,62.8571428571429,0,45,65,75,65,35,68.3333333333333,70,65,60,0,0,0,75,0,174,"Definsive_midfielders"
54469,28011401,"Adam Smith","Adam  Smith",1991,4,29,32,180,78,15,"ENG",190885,"DR",70,60,50,65,45,55.7142857142857,0,35,65,65,55,45,65,65,55,75,0,0,0,65,0,180,"Full_backs"
88900,29071914,"Jack Stephens","Jack  Stephens",1994,1,27,29,185,75,3,"ENG",202697,"DC",57.5,55,65,65,47.5,64.2857142857143,0,70,70,65,60,40,60,70,70,65,0,0,0,65,0,185,"Central_defenders"
168991,29121437,"Philip Billing","Philip Anyanwu Billing",1996,6,11,27,193,83,29,"DEN",220714,"DM",68.75,60,65,65,40,55.7142857142857,0,57.5,60,70,60,60,58.3333333333333,55,75,75,0,0,0,55,0,196,"Definsive_midfielders"
444180,28112512,"Jaidon Anthony","Jaidon  Anthony",1999,12,1,23,NA,NA,32,"ENG",243669,"MR",73.75,70,50,60,57.5,50.7142857142857,0,37.5,60,55,55,40,55,30,40,70,0,0,0,40,0,177,"Side_midfielders"
155408,29127852,"Lewis Cook","Lewis  Cook",1997,2,3,26,175,71,4,"ENG",224294,"DM",70,60,70,70,47.5,66.4285714285714,0,35,65,75,70,45,65,70,65,70,0,0,0,60,0,176,"Definsive_midfielders"
201658,29162667,"Marcus Tavernier","Marcus  Tavernier",1999,3,22,24,NA,NA,7,"ENG",237477,NA,0,0,0,0,0,0,0,0,0,0,0,0,0,0,0,0,0,0,0,0,0,0,NA
221466,14080605,"Marcos Senesi","Marcos  Senesi",1997,5,10,26,185,80,25,"ARG",236506,"DC",62.5,50,50,65,40,64.2857142857143,0,72.5,75,65,60,35,65,70,60,75,0,0,0,70,0,184,"Central_defenders"
447932,29164969,"Jordan Zemura","Jordan  Zemura",1999,11,14,23,173,NA,33,"ZIM",259634,NA,0,0,0,0,0,0,0,0,0,0,0,0,0,0,0,0,0,0,0,0,0,0,NA
158499,61042900,"Ryan Christie","Ryan  Christie",1995,2,22,28,178,79,10,"SCO",213884,"MC",71.25,70,50,70,57.5,65.7142857142857,0,35,75,65,72.5,70,61.6666666666667,35,55,70,0,0,0,45,0,178,"Central_midfielders"
144485,29116247,"Ivan Toney","Ivan Benjamin Elijah Toney",1996,3,16,27,179,70,17,"ENG",212228,"ST",68.75,60,75,65,35,63.5714285714286,0,75,60,60,60,65,61.6666666666667,40,75,70,0,0,0,50,0,187,"Strikers"
154561,29111433,"David Raya","David  Raya",1995,9,15,27,183,80,1,"ESP",220901,"GK",68.75,0,60,0,0,62.8571428571429,0,60,65,65,65,0,51.6666666666667,0,50,60,70,70,65,65,80,183,"Goalkeeper"
428580,27129125,"Frank Onyeka","Frank  Onyeka",1998,1,1,25,183,NA,15,"NGA",239529,NA,0,0,0,0,0,0,0,0,0,0,0,0,0,0,0,0,0,0,0,0,0,0,NA
226956,27122563,"Mads Roerslev","Mads  Roerslev",1999,6,24,24,184,77,30,"DEN",238157,"DR",63.75,65,65,65,65,62.8571428571429,0,60,65,70,67.5,45,63.3333333333333,65,60,65,0,0,0,65,0,184,"Full_backs"
61810,68008625,"Pontus Jansson","Pontus  Jansson",1991,2,13,32,194,89,18,"SWE",194201,"DC",60,55,80,60,20,61.4285714285714,0,77.5,70,60,52.5,25,55,75,75,70,0,0,0,70,0,194,"Central_defenders"
432160,29158694,"Shandon Baptiste","Shandon  Baptiste",1998,4,8,25,175,67,26,"GRN",240697,NA,0,0,0,0,0,0,0,0,0,0,0,0,0,0,0,0,0,0,0,0,0,0,NA
194010,29129073,"Rico Henry","Rico  Henry",1997,7,8,26,170,67,3,"ENG",224494,"DL",73.75,70,60,70,50,63.5714285714286,0,50,65,65,65,40,63.3333333333333,65,60,65,0,0,0,65,0,170,"Full_backs"
205836,93033389,"Saman Ghoddos","Saman  Ghoddos",1993,9,6,29,176,79,14,"c(""IRN"", ""SWE"")",231949,"AMR",63.75,70,55,70,65,58.5714285714286,0,37.5,60,65,65,70,55,30,60,60,0,0,0,40,0,176,"Attacking_midfielders"
204580,91143519,"Vitaly Janelt","Vitaly  Janelt",1998,5,10,25,184,79,27,"GER",235167,"DM",65,65,80,65,55,61.4285714285714,0,60,70,70,55,65,63.3333333333333,70,70,75,0,0,0,60,0,184,"Definsive_midfielders"
183656,28106685,"Josh Dasilva","Josh Tunga Dasilva",1998,10,23,24,184,75,10,"ENG",231445,"MC",65,65,60,65,50,64.2857142857143,0,52.5,70,70,70,70,63.3333333333333,60,65,65,0,0,0,55,0,184,"Central_midfielders"
446008,48042658,"Bryan Mbeumo","Bryan  Mbeumo",1999,8,7,23,173,64,19,"c(""CMR"", ""FRA"")",243014,"MR",71.25,70,60,55,60,58.5714285714286,0,45,60,65,67.5,65,58.3333333333333,30,60,65,0,0,0,40,0,171,"Side_midfielders"
231065,89040516,"Ethan Pinnock","Ethan  Pinnock",1993,5,29,30,187,79,5,"c(""JAM"", ""ENG"")",238717,"DC",61.25,50,60,55,30,60.7142857142857,0,80,70,60,45,25,58.3333333333333,70,75,70,0,0,0,70,0,194,"Central_defenders"
207283,27088231,"Mathias Jensen","Mathias  Jensen",1996,1,1,27,180,68,8,"DEN",229723,"MC",58.75,65,45,70,65,67.8571428571429,0,47.5,65,70,70,55,61.6666666666667,60,55,65,0,0,0,55,0,180,"Central_midfielders"
51927,4002177,"Ben Mee","Ben Thomas Mee",1989,9,21,33,180,74,16,"ENG",189682,"DL",61.25,40,85,50,35,58.5714285714286,0,75,70,50,42.5,20,66.6666666666667,80,75,75,0,0,0,70,0,183,"Full_backs"
440089,27128917,"Mikkel Damsgaard","Mikkel  Damsgaard",2000,7,3,23,180,66,24,"DEN",241508,"MR",71.25,75,50,65,62.5,60.7142857142857,0,30,65,75,77.5,60,53.3333333333333,30,30,60,0,0,0,30,0,180,"Side_midfielders"
503300,29235125,"Matthew Cox","Matthew  Cox",2003,5,2,20,182,64,34,"ENG",256488,NA,0,0,0,0,0,0,0,0,0,0,0,0,0,0,0,0,0,0,0,0,0,0,NA
249231,28113414,"Keane Lewis-Potter","Keane  Lewis-Potter",2001,2,22,22,170,67,23,"ENG",243606,NA,0,0,0,0,0,0,0,0,0,0,0,0,0,0,0,0,0,0,0,0,0,0,NA
128295,27039017,"Christian Nørgaard","Christian  Nørgaard",1994,3,10,29,187,77,6,"DEN",210697,"DM",61.25,60,70,65,47.5,68.5714285714286,0,65,65,70,65,45,70,70,60,80,0,0,0,75,0,187,"Definsive_midfielders"
472713,61089387,"Aaron Hickey","Aaron  Hickey",2002,6,10,21,178,72,2,"SCO",248808,"DR",67.5,70,55,60,47.5,56.4285714285714,0,40,60,60,60,65,65,55,55,65,0,0,0,60,0,176,"Full_backs"
140200,43115047,"Thomas Strakosha","Thomas  Strakosha",1995,3,19,28,186,78,22,"c(""ALB"", ""GRE"")",212151,"GK",68.75,0,40,0,0,57.1428571428571,0,85,70,40,45,0,63.3333333333333,0,65,75,70,75,65,75,85,193,"Goalkeeper"
191866,53110135,"Kristoffer Ajer","Kristoffer Vassbakk Ajer",1998,4,17,25,198,92,20,"NOR",224258,"DC",66.25,60,80,60,35,63.5714285714286,0,77.5,70,65,50,50,66.6666666666667,70,70,65,0,0,0,65,0,196,"Central_defenders"
